-100,-173,g/25S8rk+8QRLB6+b1O4gYMjYoA=,rkw4ntslwpTWXQHjhFhbVIMyNsU=
-109,-176,g/25S8rk+8QRLB6+b1O4gYMjYoA=,rkw4ntslwpTWXQHjhFhbVIMyNsU=
-97,-161,g/25S8rk+8QRLB6+b1O4gYMjYoA=,rkw4ntslwpTWXQHjhFhbVIMyNsU=
-97,-175,g/25S8rk+8QRLB6+b1O4gYMjYoA=,rkw4ntslwpTWXQHjhFhbVIMyNsU=
-99,-174,g/25S8rk+8QRLB6+b1O4gYMjYoA=,rkw4ntslwpTWXQHjhFhbVIMyNsU=
-100,-174,g/25S8rk+8QRLB6+b1O4gYMjYoA=,rkw4ntslwpTWXQHjhFhbVIMyNsU=
-101,-174,g/25S8rk+8QRLB6+b1O4gYMjYoA=,rkw4ntslwpTWXQHjhFhbVIMyNsU=
-102,-174,g/25S8rk+8QRLB6+b1O4gYMjYoA=,rkw4ntslwpTWXQHjhFhbVIMyNsU=
-103,-174,g/25S8rk+8QRLB6+b1O4gYMjYoA=,rkw4ntslwpTWXQHjhFhbVIMyNsU=
-104,-174,g/25S8rk+8QRLB6+b1O4gYMjYoA=,rkw4ntslwpTWXQHjhFhbVIMyNsU=
-105,-174,g/25S8rk+8QRLB6+b1O4gYMjYoA=,rkw4ntslwpTWXQHjhFhbVIMyNsU=
-106,-174,g/25S8rk+8QRLB6+b1O4gYMjYoA=,rkw4ntslwpTWXQHjhFhbVIMyNsU=
-107,-174,g/25S8rk+8QRLB6+b1O4gYMjYoA=,rkw4ntslwpTWXQHjhFhbVIMyNsU=
-108,-174,g/25S8rk+8QRLB6+b1O4gYMjYoA=,rkw4ntslwpTWXQHjhFhbVIMyNsU=
-109,-174,g/25S8rk+8QRLB6+b1O4gYMjYoA=,rkw4ntslwpTWXQHjhFhbVIMyNsU=
-110,-174,g/25S8rk+8QRLB6+b1O4gYMjYoA=,rkw4ntslwpTWXQHjhFhbVIMyNsU=
-111,-174,g/25S8rk+8QRLB6+b1O4gYMjYoA=,rkw4ntslwpTWXQHjhFhbVIMyNsU=
-101,-173,g/25S8rk+8QRLB6+b1O4gYMjYoA=,rkw4ntslwpTWXQHjhFhbVIMyNsU=
-112,-174,g/25S8rk+8QRLB6+b1O4gYMjYoA=,rkw4ntslwpTWXQHjhFhbVIMyNsU=
-98,-161,g/25S8rk+8QRLB6+b1O4gYMjYoA=,rkw4ntslwpTWXQHjhFhbVIMyNsU=
-99,-161,g/25S8rk+8QRLB6+b1O4gYMjYoA=,rkw4ntslwpTWXQHjhFhbVIMyNsU=
-100,-161,g/25S8rk+8QRLB6+b1O4gYMjYoA=,rkw4ntslwpTWXQHjhFhbVIMyNsU=
-101,-161,g/25S8rk+8QRLB6+b1O4gYMjYoA=,rkw4ntslwpTWXQHjhFhbVIMyNsU=
-103,-161,g/25S8rk+8QRLB6+b1O4gYMjYoA=,rkw4ntslwpTWXQHjhFhbVIMyNsU=
-104,-161,g/25S8rk+8QRLB6+b1O4gYMjYoA=,rkw4ntslwpTWXQHjhFhbVIMyNsU=
-106,-161,g/25S8rk+8QRLB6+b1O4gYMjYoA=,rkw4ntslwpTWXQHjhFhbVIMyNsU=
-107,-161,g/25S8rk+8QRLB6+b1O4gYMjYoA=,rkw4ntslwpTWXQHjhFhbVIMyNsU=
-108,-161,g/25S8rk+8QRLB6+b1O4gYMjYoA=,rkw4ntslwpTWXQHjhFhbVIMyNsU=
-109,-161,g/25S8rk+8QRLB6+b1O4gYMjYoA=,rkw4ntslwpTWXQHjhFhbVIMyNsU=
-102,-161,g/25S8rk+8QRLB6+b1O4gYMjYoA=,rkw4ntslwpTWXQHjhFhbVIMyNsU=
-110,-161,g/25S8rk+8QRLB6+b1O4gYMjYoA=,rkw4ntslwpTWXQHjhFhbVIMyNsU=
-111,-161,g/25S8rk+8QRLB6+b1O4gYMjYoA=,rkw4ntslwpTWXQHjhFhbVIMyNsU=
-102,-173,g/25S8rk+8QRLB6+b1O4gYMjYoA=,rkw4ntslwpTWXQHjhFhbVIMyNsU=
-112,-161,g/25S8rk+8QRLB6+b1O4gYMjYoA=,rkw4ntslwpTWXQHjhFhbVIMyNsU=
-98,-175,g/25S8rk+8QRLB6+b1O4gYMjYoA=,rkw4ntslwpTWXQHjhFhbVIMyNsU=
-98,-162,g/25S8rk+8QRLB6+b1O4gYMjYoA=,rkw4ntslwpTWXQHjhFhbVIMyNsU=
-99,-162,g/25S8rk+8QRLB6+b1O4gYMjYoA=,rkw4ntslwpTWXQHjhFhbVIMyNsU=
-100,-162,g/25S8rk+8QRLB6+b1O4gYMjYoA=,rkw4ntslwpTWXQHjhFhbVIMyNsU=
-101,-162,g/25S8rk+8QRLB6+b1O4gYMjYoA=,rkw4ntslwpTWXQHjhFhbVIMyNsU=
-102,-162,g/25S8rk+8QRLB6+b1O4gYMjYoA=,rkw4ntslwpTWXQHjhFhbVIMyNsU=
-103,-162,g/25S8rk+8QRLB6+b1O4gYMjYoA=,rkw4ntslwpTWXQHjhFhbVIMyNsU=
-104,-162,g/25S8rk+8QRLB6+b1O4gYMjYoA=,rkw4ntslwpTWXQHjhFhbVIMyNsU=
-105,-162,g/25S8rk+8QRLB6+b1O4gYMjYoA=,rkw4ntslwpTWXQHjhFhbVIMyNsU=
-106,-162,g/25S8rk+8QRLB6+b1O4gYMjYoA=,rkw4ntslwpTWXQHjhFhbVIMyNsU=
-107,-162,g/25S8rk+8QRLB6+b1O4gYMjYoA=,rkw4ntslwpTWXQHjhFhbVIMyNsU=
-108,-162,g/25S8rk+8QRLB6+b1O4gYMjYoA=,rkw4ntslwpTWXQHjhFhbVIMyNsU=
-109,-162,g/25S8rk+8QRLB6+b1O4gYMjYoA=,rkw4ntslwpTWXQHjhFhbVIMyNsU=
-110,-162,g/25S8rk+8QRLB6+b1O4gYMjYoA=,rkw4ntslwpTWXQHjhFhbVIMyNsU=
-110,-176,g/25S8rk+8QRLB6+b1O4gYMjYoA=,rkw4ntslwpTWXQHjhFhbVIMyNsU=
-103,-173,g/25S8rk+8QRLB6+b1O4gYMjYoA=,rkw4ntslwpTWXQHjhFhbVIMyNsU=
-111,-162,g/25S8rk+8QRLB6+b1O4gYMjYoA=,rkw4ntslwpTWXQHjhFhbVIMyNsU=
-112,-175,g/25S8rk+8QRLB6+b1O4gYMjYoA=,rkw4ntslwpTWXQHjhFhbVIMyNsU=
-112,-162,g/25S8rk+8QRLB6+b1O4gYMjYoA=,rkw4ntslwpTWXQHjhFhbVIMyNsU=
-105,-161,g/25S8rk+8QRLB6+b1O4gYMjYoA=,rkw4ntslwpTWXQHjhFhbVIMyNsU=
-97,-163,g/25S8rk+8QRLB6+b1O4gYMjYoA=,rkw4ntslwpTWXQHjhFhbVIMyNsU=
-99,-163,g/25S8rk+8QRLB6+b1O4gYMjYoA=,rkw4ntslwpTWXQHjhFhbVIMyNsU=
-100,-163,g/25S8rk+8QRLB6+b1O4gYMjYoA=,rkw4ntslwpTWXQHjhFhbVIMyNsU=
-101,-163,g/25S8rk+8QRLB6+b1O4gYMjYoA=,rkw4ntslwpTWXQHjhFhbVIMyNsU=
-102,-163,g/25S8rk+8QRLB6+b1O4gYMjYoA=,rkw4ntslwpTWXQHjhFhbVIMyNsU=
-103,-163,g/25S8rk+8QRLB6+b1O4gYMjYoA=,rkw4ntslwpTWXQHjhFhbVIMyNsU=
-104,-163,g/25S8rk+8QRLB6+b1O4gYMjYoA=,rkw4ntslwpTWXQHjhFhbVIMyNsU=
-106,-163,g/25S8rk+8QRLB6+b1O4gYMjYoA=,rkw4ntslwpTWXQHjhFhbVIMyNsU=
-107,-163,g/25S8rk+8QRLB6+b1O4gYMjYoA=,rkw4ntslwpTWXQHjhFhbVIMyNsU=
-108,-163,g/25S8rk+8QRLB6+b1O4gYMjYoA=,rkw4ntslwpTWXQHjhFhbVIMyNsU=
-109,-163,g/25S8rk+8QRLB6+b1O4gYMjYoA=,rkw4ntslwpTWXQHjhFhbVIMyNsU=
-97,-176,g/25S8rk+8QRLB6+b1O4gYMjYoA=,rkw4ntslwpTWXQHjhFhbVIMyNsU=
-99,-175,g/25S8rk+8QRLB6+b1O4gYMjYoA=,rkw4ntslwpTWXQHjhFhbVIMyNsU=
-104,-173,g/25S8rk+8QRLB6+b1O4gYMjYoA=,rkw4ntslwpTWXQHjhFhbVIMyNsU=
-110,-163,g/25S8rk+8QRLB6+b1O4gYMjYoA=,rkw4ntslwpTWXQHjhFhbVIMyNsU=
-111,-163,g/25S8rk+8QRLB6+b1O4gYMjYoA=,rkw4ntslwpTWXQHjhFhbVIMyNsU=
-100,-175,g/25S8rk+8QRLB6+b1O4gYMjYoA=,rkw4ntslwpTWXQHjhFhbVIMyNsU=
-112,-163,g/25S8rk+8QRLB6+b1O4gYMjYoA=,rkw4ntslwpTWXQHjhFhbVIMyNsU=
-105,-163,g/25S8rk+8QRLB6+b1O4gYMjYoA=,rkw4ntslwpTWXQHjhFhbVIMyNsU=
-98,-164,g/25S8rk+8QRLB6+b1O4gYMjYoA=,rkw4ntslwpTWXQHjhFhbVIMyNsU=
-99,-164,g/25S8rk+8QRLB6+b1O4gYMjYoA=,rkw4ntslwpTWXQHjhFhbVIMyNsU=
-101,-164,g/25S8rk+8QRLB6+b1O4gYMjYoA=,rkw4ntslwpTWXQHjhFhbVIMyNsU=
-103,-164,g/25S8rk+8QRLB6+b1O4gYMjYoA=,rkw4ntslwpTWXQHjhFhbVIMyNsU=
-104,-164,g/25S8rk+8QRLB6+b1O4gYMjYoA=,rkw4ntslwpTWXQHjhFhbVIMyNsU=
-105,-164,g/25S8rk+8QRLB6+b1O4gYMjYoA=,rkw4ntslwpTWXQHjhFhbVIMyNsU=
-106,-164,g/25S8rk+8QRLB6+b1O4gYMjYoA=,rkw4ntslwpTWXQHjhFhbVIMyNsU=
-107,-164,g/25S8rk+8QRLB6+b1O4gYMjYoA=,rkw4ntslwpTWXQHjhFhbVIMyNsU=
-102,-164,g/25S8rk+8QRLB6+b1O4gYMjYoA=,rkw4ntslwpTWXQHjhFhbVIMyNsU=
-98,-176,g/25S8rk+8QRLB6+b1O4gYMjYoA=,rkw4ntslwpTWXQHjhFhbVIMyNsU=
-105,-173,g/25S8rk+8QRLB6+b1O4gYMjYoA=,rkw4ntslwpTWXQHjhFhbVIMyNsU=
-109,-164,g/25S8rk+8QRLB6+b1O4gYMjYoA=,rkw4ntslwpTWXQHjhFhbVIMyNsU=
-110,-164,g/25S8rk+8QRLB6+b1O4gYMjYoA=,rkw4ntslwpTWXQHjhFhbVIMyNsU=
-111,-164,g/25S8rk+8QRLB6+b1O4gYMjYoA=,rkw4ntslwpTWXQHjhFhbVIMyNsU=
-108,-164,g/25S8rk+8QRLB6+b1O4gYMjYoA=,rkw4ntslwpTWXQHjhFhbVIMyNsU=
-112,-164,g/25S8rk+8QRLB6+b1O4gYMjYoA=,rkw4ntslwpTWXQHjhFhbVIMyNsU=
-97,-162,g/25S8rk+8QRLB6+b1O4gYMjYoA=,rkw4ntslwpTWXQHjhFhbVIMyNsU=
-99,-165,g/25S8rk+8QRLB6+b1O4gYMjYoA=,rkw4ntslwpTWXQHjhFhbVIMyNsU=
-100,-165,g/25S8rk+8QRLB6+b1O4gYMjYoA=,rkw4ntslwpTWXQHjhFhbVIMyNsU=
-101,-165,g/25S8rk+8QRLB6+b1O4gYMjYoA=,rkw4ntslwpTWXQHjhFhbVIMyNsU=
-102,-165,g/25S8rk+8QRLB6+b1O4gYMjYoA=,rkw4ntslwpTWXQHjhFhbVIMyNsU=
-98,-165,g/25S8rk+8QRLB6+b1O4gYMjYoA=,rkw4ntslwpTWXQHjhFhbVIMyNsU=
-104,-165,g/25S8rk+8QRLB6+b1O4gYMjYoA=,rkw4ntslwpTWXQHjhFhbVIMyNsU=
-105,-165,g/25S8rk+8QRLB6+b1O4gYMjYoA=,rkw4ntslwpTWXQHjhFhbVIMyNsU=
-106,-165,g/25S8rk+8QRLB6+b1O4gYMjYoA=,rkw4ntslwpTWXQHjhFhbVIMyNsU=
-103,-165,g/25S8rk+8QRLB6+b1O4gYMjYoA=,rkw4ntslwpTWXQHjhFhbVIMyNsU=
-99,-176,g/25S8rk+8QRLB6+b1O4gYMjYoA=,rkw4ntslwpTWXQHjhFhbVIMyNsU=
-106,-173,g/25S8rk+8QRLB6+b1O4gYMjYoA=,rkw4ntslwpTWXQHjhFhbVIMyNsU=
-108,-165,g/25S8rk+8QRLB6+b1O4gYMjYoA=,rkw4ntslwpTWXQHjhFhbVIMyNsU=
-111,-176,g/25S8rk+8QRLB6+b1O4gYMjYoA=,rkw4ntslwpTWXQHjhFhbVIMyNsU=
-110,-165,g/25S8rk+8QRLB6+b1O4gYMjYoA=,rkw4ntslwpTWXQHjhFhbVIMyNsU=
-111,-165,g/25S8rk+8QRLB6+b1O4gYMjYoA=,rkw4ntslwpTWXQHjhFhbVIMyNsU=
-102,-175,g/25S8rk+8QRLB6+b1O4gYMjYoA=,rkw4ntslwpTWXQHjhFhbVIMyNsU=
-112,-165,g/25S8rk+8QRLB6+b1O4gYMjYoA=,rkw4ntslwpTWXQHjhFhbVIMyNsU=
-109,-165,g/25S8rk+8QRLB6+b1O4gYMjYoA=,rkw4ntslwpTWXQHjhFhbVIMyNsU=
-111,-175,g/25S8rk+8QRLB6+b1O4gYMjYoA=,rkw4ntslwpTWXQHjhFhbVIMyNsU=
-99,-166,g/25S8rk+8QRLB6+b1O4gYMjYoA=,rkw4ntslwpTWXQHjhFhbVIMyNsU=
-97,-166,g/25S8rk+8QRLB6+b1O4gYMjYoA=,rkw4ntslwpTWXQHjhFhbVIMyNsU=
-101,-166,g/25S8rk+8QRLB6+b1O4gYMjYoA=,rkw4ntslwpTWXQHjhFhbVIMyNsU=
-102,-166,g/25S8rk+8QRLB6+b1O4gYMjYoA=,rkw4ntslwpTWXQHjhFhbVIMyNsU=
-103,-166,g/25S8rk+8QRLB6+b1O4gYMjYoA=,rkw4ntslwpTWXQHjhFhbVIMyNsU=
-104,-166,g/25S8rk+8QRLB6+b1O4gYMjYoA=,rkw4ntslwpTWXQHjhFhbVIMyNsU=
-105,-166,g/25S8rk+8QRLB6+b1O4gYMjYoA=,rkw4ntslwpTWXQHjhFhbVIMyNsU=
-106,-166,g/25S8rk+8QRLB6+b1O4gYMjYoA=,rkw4ntslwpTWXQHjhFhbVIMyNsU=
-100,-176,g/25S8rk+8QRLB6+b1O4gYMjYoA=,rkw4ntslwpTWXQHjhFhbVIMyNsU=
-107,-173,g/25S8rk+8QRLB6+b1O4gYMjYoA=,rkw4ntslwpTWXQHjhFhbVIMyNsU=
-107,-166,g/25S8rk+8QRLB6+b1O4gYMjYoA=,rkw4ntslwpTWXQHjhFhbVIMyNsU=
-108,-166,g/25S8rk+8QRLB6+b1O4gYMjYoA=,rkw4ntslwpTWXQHjhFhbVIMyNsU=
-109,-166,g/25S8rk+8QRLB6+b1O4gYMjYoA=,rkw4ntslwpTWXQHjhFhbVIMyNsU=
-110,-166,g/25S8rk+8QRLB6+b1O4gYMjYoA=,rkw4ntslwpTWXQHjhFhbVIMyNsU=
-111,-166,g/25S8rk+8QRLB6+b1O4gYMjYoA=,rkw4ntslwpTWXQHjhFhbVIMyNsU=
-112,-166,g/25S8rk+8QRLB6+b1O4gYMjYoA=,rkw4ntslwpTWXQHjhFhbVIMyNsU=
-103,-175,g/25S8rk+8QRLB6+b1O4gYMjYoA=,rkw4ntslwpTWXQHjhFhbVIMyNsU=
-100,-166,g/25S8rk+8QRLB6+b1O4gYMjYoA=,rkw4ntslwpTWXQHjhFhbVIMyNsU=
-98,-163,g/25S8rk+8QRLB6+b1O4gYMjYoA=,rkw4ntslwpTWXQHjhFhbVIMyNsU=
-99,-167,g/25S8rk+8QRLB6+b1O4gYMjYoA=,rkw4ntslwpTWXQHjhFhbVIMyNsU=
-100,-167,g/25S8rk+8QRLB6+b1O4gYMjYoA=,rkw4ntslwpTWXQHjhFhbVIMyNsU=
-101,-167,g/25S8rk+8QRLB6+b1O4gYMjYoA=,rkw4ntslwpTWXQHjhFhbVIMyNsU=
-102,-167,g/25S8rk+8QRLB6+b1O4gYMjYoA=,rkw4ntslwpTWXQHjhFhbVIMyNsU=
-103,-167,g/25S8rk+8QRLB6+b1O4gYMjYoA=,rkw4ntslwpTWXQHjhFhbVIMyNsU=
-104,-167,g/25S8rk+8QRLB6+b1O4gYMjYoA=,rkw4ntslwpTWXQHjhFhbVIMyNsU=
-105,-167,g/25S8rk+8QRLB6+b1O4gYMjYoA=,rkw4ntslwpTWXQHjhFhbVIMyNsU=
-101,-176,g/25S8rk+8QRLB6+b1O4gYMjYoA=,rkw4ntslwpTWXQHjhFhbVIMyNsU=
-108,-173,g/25S8rk+8QRLB6+b1O4gYMjYoA=,rkw4ntslwpTWXQHjhFhbVIMyNsU=
-106,-167,g/25S8rk+8QRLB6+b1O4gYMjYoA=,rkw4ntslwpTWXQHjhFhbVIMyNsU=
-107,-167,g/25S8rk+8QRLB6+b1O4gYMjYoA=,rkw4ntslwpTWXQHjhFhbVIMyNsU=
-108,-167,g/25S8rk+8QRLB6+b1O4gYMjYoA=,rkw4ntslwpTWXQHjhFhbVIMyNsU=
-109,-167,g/25S8rk+8QRLB6+b1O4gYMjYoA=,rkw4ntslwpTWXQHjhFhbVIMyNsU=
-110,-167,g/25S8rk+8QRLB6+b1O4gYMjYoA=,rkw4ntslwpTWXQHjhFhbVIMyNsU=
-111,-167,g/25S8rk+8QRLB6+b1O4gYMjYoA=,rkw4ntslwpTWXQHjhFhbVIMyNsU=
-112,-167,g/25S8rk+8QRLB6+b1O4gYMjYoA=,rkw4ntslwpTWXQHjhFhbVIMyNsU=
-104,-175,g/25S8rk+8QRLB6+b1O4gYMjYoA=,rkw4ntslwpTWXQHjhFhbVIMyNsU=
-97,-168,g/25S8rk+8QRLB6+b1O4gYMjYoA=,rkw4ntslwpTWXQHjhFhbVIMyNsU=
-100,-164,g/25S8rk+8QRLB6+b1O4gYMjYoA=,rkw4ntslwpTWXQHjhFhbVIMyNsU=
-99,-168,g/25S8rk+8QRLB6+b1O4gYMjYoA=,rkw4ntslwpTWXQHjhFhbVIMyNsU=
-100,-168,g/25S8rk+8QRLB6+b1O4gYMjYoA=,rkw4ntslwpTWXQHjhFhbVIMyNsU=
-101,-168,g/25S8rk+8QRLB6+b1O4gYMjYoA=,rkw4ntslwpTWXQHjhFhbVIMyNsU=
-102,-168,g/25S8rk+8QRLB6+b1O4gYMjYoA=,rkw4ntslwpTWXQHjhFhbVIMyNsU=
-98,-168,g/25S8rk+8QRLB6+b1O4gYMjYoA=,rkw4ntslwpTWXQHjhFhbVIMyNsU=
-103,-168,g/25S8rk+8QRLB6+b1O4gYMjYoA=,rkw4ntslwpTWXQHjhFhbVIMyNsU=
-97,-164,g/25S8rk+8QRLB6+b1O4gYMjYoA=,rkw4ntslwpTWXQHjhFhbVIMyNsU=
-109,-173,g/25S8rk+8QRLB6+b1O4gYMjYoA=,rkw4ntslwpTWXQHjhFhbVIMyNsU=
-102,-176,g/25S8rk+8QRLB6+b1O4gYMjYoA=,rkw4ntslwpTWXQHjhFhbVIMyNsU=
-106,-168,g/25S8rk+8QRLB6+b1O4gYMjYoA=,rkw4ntslwpTWXQHjhFhbVIMyNsU=
-107,-168,g/25S8rk+8QRLB6+b1O4gYMjYoA=,rkw4ntslwpTWXQHjhFhbVIMyNsU=
-108,-168,g/25S8rk+8QRLB6+b1O4gYMjYoA=,rkw4ntslwpTWXQHjhFhbVIMyNsU=
-109,-168,g/25S8rk+8QRLB6+b1O4gYMjYoA=,rkw4ntslwpTWXQHjhFhbVIMyNsU=
-110,-168,g/25S8rk+8QRLB6+b1O4gYMjYoA=,rkw4ntslwpTWXQHjhFhbVIMyNsU=
-111,-168,g/25S8rk+8QRLB6+b1O4gYMjYoA=,rkw4ntslwpTWXQHjhFhbVIMyNsU=
-105,-175,g/25S8rk+8QRLB6+b1O4gYMjYoA=,rkw4ntslwpTWXQHjhFhbVIMyNsU=
-112,-168,g/25S8rk+8QRLB6+b1O4gYMjYoA=,rkw4ntslwpTWXQHjhFhbVIMyNsU=
-97,-169,g/25S8rk+8QRLB6+b1O4gYMjYoA=,rkw4ntslwpTWXQHjhFhbVIMyNsU=
-105,-168,g/25S8rk+8QRLB6+b1O4gYMjYoA=,rkw4ntslwpTWXQHjhFhbVIMyNsU=
-101,-175,g/25S8rk+8QRLB6+b1O4gYMjYoA=,rkw4ntslwpTWXQHjhFhbVIMyNsU=
-100,-169,g/25S8rk+8QRLB6+b1O4gYMjYoA=,rkw4ntslwpTWXQHjhFhbVIMyNsU=
-101,-169,g/25S8rk+8QRLB6+b1O4gYMjYoA=,rkw4ntslwpTWXQHjhFhbVIMyNsU=
-102,-169,g/25S8rk+8QRLB6+b1O4gYMjYoA=,rkw4ntslwpTWXQHjhFhbVIMyNsU=
-97,-165,g/25S8rk+8QRLB6+b1O4gYMjYoA=,rkw4ntslwpTWXQHjhFhbVIMyNsU=
-103,-176,g/25S8rk+8QRLB6+b1O4gYMjYoA=,rkw4ntslwpTWXQHjhFhbVIMyNsU=
-110,-173,g/25S8rk+8QRLB6+b1O4gYMjYoA=,rkw4ntslwpTWXQHjhFhbVIMyNsU=
-107,-165,g/25S8rk+8QRLB6+b1O4gYMjYoA=,rkw4ntslwpTWXQHjhFhbVIMyNsU=
-105,-169,g/25S8rk+8QRLB6+b1O4gYMjYoA=,rkw4ntslwpTWXQHjhFhbVIMyNsU=
-106,-169,g/25S8rk+8QRLB6+b1O4gYMjYoA=,rkw4ntslwpTWXQHjhFhbVIMyNsU=
-107,-169,g/25S8rk+8QRLB6+b1O4gYMjYoA=,rkw4ntslwpTWXQHjhFhbVIMyNsU=
-108,-169,g/25S8rk+8QRLB6+b1O4gYMjYoA=,rkw4ntslwpTWXQHjhFhbVIMyNsU=
-109,-169,g/25S8rk+8QRLB6+b1O4gYMjYoA=,rkw4ntslwpTWXQHjhFhbVIMyNsU=
-110,-169,g/25S8rk+8QRLB6+b1O4gYMjYoA=,rkw4ntslwpTWXQHjhFhbVIMyNsU=
-111,-169,g/25S8rk+8QRLB6+b1O4gYMjYoA=,rkw4ntslwpTWXQHjhFhbVIMyNsU=
-112,-169,g/25S8rk+8QRLB6+b1O4gYMjYoA=,rkw4ntslwpTWXQHjhFhbVIMyNsU=
-106,-175,g/25S8rk+8QRLB6+b1O4gYMjYoA=,rkw4ntslwpTWXQHjhFhbVIMyNsU=
-97,-170,g/25S8rk+8QRLB6+b1O4gYMjYoA=,rkw4ntslwpTWXQHjhFhbVIMyNsU=
-98,-170,g/25S8rk+8QRLB6+b1O4gYMjYoA=,rkw4ntslwpTWXQHjhFhbVIMyNsU=
-98,-166,g/25S8rk+8QRLB6+b1O4gYMjYoA=,rkw4ntslwpTWXQHjhFhbVIMyNsU=
-100,-170,g/25S8rk+8QRLB6+b1O4gYMjYoA=,rkw4ntslwpTWXQHjhFhbVIMyNsU=
-101,-170,g/25S8rk+8QRLB6+b1O4gYMjYoA=,rkw4ntslwpTWXQHjhFhbVIMyNsU=
-102,-170,g/25S8rk+8QRLB6+b1O4gYMjYoA=,rkw4ntslwpTWXQHjhFhbVIMyNsU=
-104,-176,g/25S8rk+8QRLB6+b1O4gYMjYoA=,rkw4ntslwpTWXQHjhFhbVIMyNsU=
-111,-173,g/25S8rk+8QRLB6+b1O4gYMjYoA=,rkw4ntslwpTWXQHjhFhbVIMyNsU=
-103,-170,g/25S8rk+8QRLB6+b1O4gYMjYoA=,rkw4ntslwpTWXQHjhFhbVIMyNsU=
-104,-170,g/25S8rk+8QRLB6+b1O4gYMjYoA=,rkw4ntslwpTWXQHjhFhbVIMyNsU=
-105,-170,g/25S8rk+8QRLB6+b1O4gYMjYoA=,rkw4ntslwpTWXQHjhFhbVIMyNsU=
-106,-170,g/25S8rk+8QRLB6+b1O4gYMjYoA=,rkw4ntslwpTWXQHjhFhbVIMyNsU=
-107,-170,g/25S8rk+8QRLB6+b1O4gYMjYoA=,rkw4ntslwpTWXQHjhFhbVIMyNsU=
-108,-170,g/25S8rk+8QRLB6+b1O4gYMjYoA=,rkw4ntslwpTWXQHjhFhbVIMyNsU=
-109,-170,g/25S8rk+8QRLB6+b1O4gYMjYoA=,rkw4ntslwpTWXQHjhFhbVIMyNsU=
-110,-170,g/25S8rk+8QRLB6+b1O4gYMjYoA=,rkw4ntslwpTWXQHjhFhbVIMyNsU=
-111,-170,g/25S8rk+8QRLB6+b1O4gYMjYoA=,rkw4ntslwpTWXQHjhFhbVIMyNsU=
-112,-170,g/25S8rk+8QRLB6+b1O4gYMjYoA=,rkw4ntslwpTWXQHjhFhbVIMyNsU=
-107,-175,g/25S8rk+8QRLB6+b1O4gYMjYoA=,rkw4ntslwpTWXQHjhFhbVIMyNsU=
-97,-171,g/25S8rk+8QRLB6+b1O4gYMjYoA=,rkw4ntslwpTWXQHjhFhbVIMyNsU=
-98,-171,g/25S8rk+8QRLB6+b1O4gYMjYoA=,rkw4ntslwpTWXQHjhFhbVIMyNsU=
-99,-171,g/25S8rk+8QRLB6+b1O4gYMjYoA=,rkw4ntslwpTWXQHjhFhbVIMyNsU=
-100,-171,g/25S8rk+8QRLB6+b1O4gYMjYoA=,rkw4ntslwpTWXQHjhFhbVIMyNsU=
-101,-171,g/25S8rk+8QRLB6+b1O4gYMjYoA=,rkw4ntslwpTWXQHjhFhbVIMyNsU=
-105,-176,g/25S8rk+8QRLB6+b1O4gYMjYoA=,rkw4ntslwpTWXQHjhFhbVIMyNsU=
-108,-175,g/25S8rk+8QRLB6+b1O4gYMjYoA=,rkw4ntslwpTWXQHjhFhbVIMyNsU=
-112,-173,g/25S8rk+8QRLB6+b1O4gYMjYoA=,rkw4ntslwpTWXQHjhFhbVIMyNsU=
-102,-171,g/25S8rk+8QRLB6+b1O4gYMjYoA=,rkw4ntslwpTWXQHjhFhbVIMyNsU=
-103,-171,g/25S8rk+8QRLB6+b1O4gYMjYoA=,rkw4ntslwpTWXQHjhFhbVIMyNsU=
-104,-171,g/25S8rk+8QRLB6+b1O4gYMjYoA=,rkw4ntslwpTWXQHjhFhbVIMyNsU=
-97,-167,g/25S8rk+8QRLB6+b1O4gYMjYoA=,rkw4ntslwpTWXQHjhFhbVIMyNsU=
-106,-171,g/25S8rk+8QRLB6+b1O4gYMjYoA=,rkw4ntslwpTWXQHjhFhbVIMyNsU=
-98,-167,g/25S8rk+8QRLB6+b1O4gYMjYoA=,rkw4ntslwpTWXQHjhFhbVIMyNsU=
-108,-171,g/25S8rk+8QRLB6+b1O4gYMjYoA=,rkw4ntslwpTWXQHjhFhbVIMyNsU=
-109,-171,g/25S8rk+8QRLB6+b1O4gYMjYoA=,rkw4ntslwpTWXQHjhFhbVIMyNsU=
-110,-171,g/25S8rk+8QRLB6+b1O4gYMjYoA=,rkw4ntslwpTWXQHjhFhbVIMyNsU=
-104,-168,g/25S8rk+8QRLB6+b1O4gYMjYoA=,rkw4ntslwpTWXQHjhFhbVIMyNsU=
-109,-175,g/25S8rk+8QRLB6+b1O4gYMjYoA=,rkw4ntslwpTWXQHjhFhbVIMyNsU=
-103,-169,g/25S8rk+8QRLB6+b1O4gYMjYoA=,rkw4ntslwpTWXQHjhFhbVIMyNsU=
-112,-171,g/25S8rk+8QRLB6+b1O4gYMjYoA=,rkw4ntslwpTWXQHjhFhbVIMyNsU=
-112,-176,g/25S8rk+8QRLB6+b1O4gYMjYoA=,rkw4ntslwpTWXQHjhFhbVIMyNsU=
-97,-172,g/25S8rk+8QRLB6+b1O4gYMjYoA=,rkw4ntslwpTWXQHjhFhbVIMyNsU=
-104,-169,g/25S8rk+8QRLB6+b1O4gYMjYoA=,rkw4ntslwpTWXQHjhFhbVIMyNsU=
-100,-172,g/25S8rk+8QRLB6+b1O4gYMjYoA=,rkw4ntslwpTWXQHjhFhbVIMyNsU=
-106,-176,g/25S8rk+8QRLB6+b1O4gYMjYoA=,rkw4ntslwpTWXQHjhFhbVIMyNsU=
-101,-172,g/25S8rk+8QRLB6+b1O4gYMjYoA=,rkw4ntslwpTWXQHjhFhbVIMyNsU=
-107,-171,g/25S8rk+8QRLB6+b1O4gYMjYoA=,rkw4ntslwpTWXQHjhFhbVIMyNsU=
-99,-172,g/25S8rk+8QRLB6+b1O4gYMjYoA=,rkw4ntslwpTWXQHjhFhbVIMyNsU=
-98,-172,g/25S8rk+8QRLB6+b1O4gYMjYoA=,rkw4ntslwpTWXQHjhFhbVIMyNsU=
-103,-172,g/25S8rk+8QRLB6+b1O4gYMjYoA=,rkw4ntslwpTWXQHjhFhbVIMyNsU=
-105,-172,g/25S8rk+8QRLB6+b1O4gYMjYoA=,rkw4ntslwpTWXQHjhFhbVIMyNsU=
-106,-172,g/25S8rk+8QRLB6+b1O4gYMjYoA=,rkw4ntslwpTWXQHjhFhbVIMyNsU=
-107,-172,g/25S8rk+8QRLB6+b1O4gYMjYoA=,rkw4ntslwpTWXQHjhFhbVIMyNsU=
-108,-172,g/25S8rk+8QRLB6+b1O4gYMjYoA=,rkw4ntslwpTWXQHjhFhbVIMyNsU=
-109,-172,g/25S8rk+8QRLB6+b1O4gYMjYoA=,rkw4ntslwpTWXQHjhFhbVIMyNsU=
-110,-172,g/25S8rk+8QRLB6+b1O4gYMjYoA=,rkw4ntslwpTWXQHjhFhbVIMyNsU=
-111,-172,g/25S8rk+8QRLB6+b1O4gYMjYoA=,rkw4ntslwpTWXQHjhFhbVIMyNsU=
-104,-172,g/25S8rk+8QRLB6+b1O4gYMjYoA=,rkw4ntslwpTWXQHjhFhbVIMyNsU=
-107,-176,g/25S8rk+8QRLB6+b1O4gYMjYoA=,rkw4ntslwpTWXQHjhFhbVIMyNsU=
-112,-172,g/25S8rk+8QRLB6+b1O4gYMjYoA=,rkw4ntslwpTWXQHjhFhbVIMyNsU=
-97,-173,g/25S8rk+8QRLB6+b1O4gYMjYoA=,rkw4ntslwpTWXQHjhFhbVIMyNsU=
-98,-173,g/25S8rk+8QRLB6+b1O4gYMjYoA=,rkw4ntslwpTWXQHjhFhbVIMyNsU=
-99,-173,g/25S8rk+8QRLB6+b1O4gYMjYoA=,rkw4ntslwpTWXQHjhFhbVIMyNsU=
-108,-176,g/25S8rk+8QRLB6+b1O4gYMjYoA=,rkw4ntslwpTWXQHjhFhbVIMyNsU=
-99,-169,g/25S8rk+8QRLB6+b1O4gYMjYoA=,rkw4ntslwpTWXQHjhFhbVIMyNsU=
-99,-170,g/25S8rk+8QRLB6+b1O4gYMjYoA=,rkw4ntslwpTWXQHjhFhbVIMyNsU=
-105,-171,g/25S8rk+8QRLB6+b1O4gYMjYoA=,rkw4ntslwpTWXQHjhFhbVIMyNsU=
-111,-171,g/25S8rk+8QRLB6+b1O4gYMjYoA=,rkw4ntslwpTWXQHjhFhbVIMyNsU=
-98,-169,g/25S8rk+8QRLB6+b1O4gYMjYoA=,rkw4ntslwpTWXQHjhFhbVIMyNsU=
-102,-172,g/25S8rk+8QRLB6+b1O4gYMjYoA=,rkw4ntslwpTWXQHjhFhbVIMyNsU=
-97,-174,g/25S8rk+8QRLB6+b1O4gYMjYoA=,rkw4ntslwpTWXQHjhFhbVIMyNsU=
-110,-175,g/25S8rk+8QRLB6+b1O4gYMjYoA=,rkw4ntslwpTWXQHjhFhbVIMyNsU=
-98,-174,g/25S8rk+8QRLB6+b1O4gYMjYoA=,rkw4ntslwpTWXQHjhFhbVIMyNsU=
-97,-177,SJUHwB8m2zd2pAwQhd1Ym9OwYbA=,wp1PbXBVt9vCxGcPb6SN+5xADic=
-99,-190,SJUHwB8m2zd2pAwQhd1Ym9OwYbA=,wp1PbXBVt9vCxGcPb6SN+5xADic=
-109,-192,SJUHwB8m2zd2pAwQhd1Ym9OwYbA=,wp1PbXBVt9vCxGcPb6SN+5xADic=
-98,-177,SJUHwB8m2zd2pAwQhd1Ym9OwYbA=,wp1PbXBVt9vCxGcPb6SN+5xADic=
-100,-177,SJUHwB8m2zd2pAwQhd1Ym9OwYbA=,wp1PbXBVt9vCxGcPb6SN+5xADic=
-101,-177,SJUHwB8m2zd2pAwQhd1Ym9OwYbA=,wp1PbXBVt9vCxGcPb6SN+5xADic=
-103,-177,SJUHwB8m2zd2pAwQhd1Ym9OwYbA=,wp1PbXBVt9vCxGcPb6SN+5xADic=
-105,-177,SJUHwB8m2zd2pAwQhd1Ym9OwYbA=,wp1PbXBVt9vCxGcPb6SN+5xADic=
-106,-177,SJUHwB8m2zd2pAwQhd1Ym9OwYbA=,wp1PbXBVt9vCxGcPb6SN+5xADic=
-107,-177,SJUHwB8m2zd2pAwQhd1Ym9OwYbA=,wp1PbXBVt9vCxGcPb6SN+5xADic=
-108,-177,SJUHwB8m2zd2pAwQhd1Ym9OwYbA=,wp1PbXBVt9vCxGcPb6SN+5xADic=
-104,-177,SJUHwB8m2zd2pAwQhd1Ym9OwYbA=,wp1PbXBVt9vCxGcPb6SN+5xADic=
-110,-177,SJUHwB8m2zd2pAwQhd1Ym9OwYbA=,wp1PbXBVt9vCxGcPb6SN+5xADic=
-111,-191,SJUHwB8m2zd2pAwQhd1Ym9OwYbA=,wp1PbXBVt9vCxGcPb6SN+5xADic=
-97,-191,SJUHwB8m2zd2pAwQhd1Ym9OwYbA=,wp1PbXBVt9vCxGcPb6SN+5xADic=
-111,-177,SJUHwB8m2zd2pAwQhd1Ym9OwYbA=,wp1PbXBVt9vCxGcPb6SN+5xADic=
-98,-191,SJUHwB8m2zd2pAwQhd1Ym9OwYbA=,wp1PbXBVt9vCxGcPb6SN+5xADic=
-99,-191,SJUHwB8m2zd2pAwQhd1Ym9OwYbA=,wp1PbXBVt9vCxGcPb6SN+5xADic=
-101,-191,SJUHwB8m2zd2pAwQhd1Ym9OwYbA=,wp1PbXBVt9vCxGcPb6SN+5xADic=
-102,-191,SJUHwB8m2zd2pAwQhd1Ym9OwYbA=,wp1PbXBVt9vCxGcPb6SN+5xADic=
-103,-191,SJUHwB8m2zd2pAwQhd1Ym9OwYbA=,wp1PbXBVt9vCxGcPb6SN+5xADic=
-104,-191,SJUHwB8m2zd2pAwQhd1Ym9OwYbA=,wp1PbXBVt9vCxGcPb6SN+5xADic=
-105,-191,SJUHwB8m2zd2pAwQhd1Ym9OwYbA=,wp1PbXBVt9vCxGcPb6SN+5xADic=
-106,-191,SJUHwB8m2zd2pAwQhd1Ym9OwYbA=,wp1PbXBVt9vCxGcPb6SN+5xADic=
-107,-191,SJUHwB8m2zd2pAwQhd1Ym9OwYbA=,wp1PbXBVt9vCxGcPb6SN+5xADic=
-108,-191,SJUHwB8m2zd2pAwQhd1Ym9OwYbA=,wp1PbXBVt9vCxGcPb6SN+5xADic=
-112,-177,SJUHwB8m2zd2pAwQhd1Ym9OwYbA=,wp1PbXBVt9vCxGcPb6SN+5xADic=
-109,-191,SJUHwB8m2zd2pAwQhd1Ym9OwYbA=,wp1PbXBVt9vCxGcPb6SN+5xADic=
-110,-191,SJUHwB8m2zd2pAwQhd1Ym9OwYbA=,wp1PbXBVt9vCxGcPb6SN+5xADic=
-97,-178,SJUHwB8m2zd2pAwQhd1Ym9OwYbA=,wp1PbXBVt9vCxGcPb6SN+5xADic=
-98,-178,SJUHwB8m2zd2pAwQhd1Ym9OwYbA=,wp1PbXBVt9vCxGcPb6SN+5xADic=
-110,-192,SJUHwB8m2zd2pAwQhd1Ym9OwYbA=,wp1PbXBVt9vCxGcPb6SN+5xADic=
-100,-190,SJUHwB8m2zd2pAwQhd1Ym9OwYbA=,wp1PbXBVt9vCxGcPb6SN+5xADic=
-99,-178,SJUHwB8m2zd2pAwQhd1Ym9OwYbA=,wp1PbXBVt9vCxGcPb6SN+5xADic=
-100,-178,SJUHwB8m2zd2pAwQhd1Ym9OwYbA=,wp1PbXBVt9vCxGcPb6SN+5xADic=
-101,-178,SJUHwB8m2zd2pAwQhd1Ym9OwYbA=,wp1PbXBVt9vCxGcPb6SN+5xADic=
-102,-178,SJUHwB8m2zd2pAwQhd1Ym9OwYbA=,wp1PbXBVt9vCxGcPb6SN+5xADic=
-103,-178,SJUHwB8m2zd2pAwQhd1Ym9OwYbA=,wp1PbXBVt9vCxGcPb6SN+5xADic=
-99,-177,SJUHwB8m2zd2pAwQhd1Ym9OwYbA=,wp1PbXBVt9vCxGcPb6SN+5xADic=
-105,-178,SJUHwB8m2zd2pAwQhd1Ym9OwYbA=,wp1PbXBVt9vCxGcPb6SN+5xADic=
-106,-178,SJUHwB8m2zd2pAwQhd1Ym9OwYbA=,wp1PbXBVt9vCxGcPb6SN+5xADic=
-107,-178,SJUHwB8m2zd2pAwQhd1Ym9OwYbA=,wp1PbXBVt9vCxGcPb6SN+5xADic=
-108,-178,SJUHwB8m2zd2pAwQhd1Ym9OwYbA=,wp1PbXBVt9vCxGcPb6SN+5xADic=
-102,-177,SJUHwB8m2zd2pAwQhd1Ym9OwYbA=,wp1PbXBVt9vCxGcPb6SN+5xADic=
-110,-178,SJUHwB8m2zd2pAwQhd1Ym9OwYbA=,wp1PbXBVt9vCxGcPb6SN+5xADic=
-100,-191,SJUHwB8m2zd2pAwQhd1Ym9OwYbA=,wp1PbXBVt9vCxGcPb6SN+5xADic=
-112,-178,SJUHwB8m2zd2pAwQhd1Ym9OwYbA=,wp1PbXBVt9vCxGcPb6SN+5xADic=
-97,-179,SJUHwB8m2zd2pAwQhd1Ym9OwYbA=,wp1PbXBVt9vCxGcPb6SN+5xADic=
-98,-179,SJUHwB8m2zd2pAwQhd1Ym9OwYbA=,wp1PbXBVt9vCxGcPb6SN+5xADic=
-98,-190,SJUHwB8m2zd2pAwQhd1Ym9OwYbA=,wp1PbXBVt9vCxGcPb6SN+5xADic=
-97,-190,SJUHwB8m2zd2pAwQhd1Ym9OwYbA=,wp1PbXBVt9vCxGcPb6SN+5xADic=
-112,-189,SJUHwB8m2zd2pAwQhd1Ym9OwYbA=,wp1PbXBVt9vCxGcPb6SN+5xADic=
-111,-189,SJUHwB8m2zd2pAwQhd1Ym9OwYbA=,wp1PbXBVt9vCxGcPb6SN+5xADic=
-110,-189,SJUHwB8m2zd2pAwQhd1Ym9OwYbA=,wp1PbXBVt9vCxGcPb6SN+5xADic=
-109,-189,SJUHwB8m2zd2pAwQhd1Ym9OwYbA=,wp1PbXBVt9vCxGcPb6SN+5xADic=
-108,-189,SJUHwB8m2zd2pAwQhd1Ym9OwYbA=,wp1PbXBVt9vCxGcPb6SN+5xADic=
-112,-190,SJUHwB8m2zd2pAwQhd1Ym9OwYbA=,wp1PbXBVt9vCxGcPb6SN+5xADic=
-99,-179,SJUHwB8m2zd2pAwQhd1Ym9OwYbA=,wp1PbXBVt9vCxGcPb6SN+5xADic=
-97,-192,SJUHwB8m2zd2pAwQhd1Ym9OwYbA=,wp1PbXBVt9vCxGcPb6SN+5xADic=
-101,-190,SJUHwB8m2zd2pAwQhd1Ym9OwYbA=,wp1PbXBVt9vCxGcPb6SN+5xADic=
-100,-179,SJUHwB8m2zd2pAwQhd1Ym9OwYbA=,wp1PbXBVt9vCxGcPb6SN+5xADic=
-101,-179,SJUHwB8m2zd2pAwQhd1Ym9OwYbA=,wp1PbXBVt9vCxGcPb6SN+5xADic=
-102,-179,SJUHwB8m2zd2pAwQhd1Ym9OwYbA=,wp1PbXBVt9vCxGcPb6SN+5xADic=
-103,-179,SJUHwB8m2zd2pAwQhd1Ym9OwYbA=,wp1PbXBVt9vCxGcPb6SN+5xADic=
-104,-179,SJUHwB8m2zd2pAwQhd1Ym9OwYbA=,wp1PbXBVt9vCxGcPb6SN+5xADic=
-106,-179,SJUHwB8m2zd2pAwQhd1Ym9OwYbA=,wp1PbXBVt9vCxGcPb6SN+5xADic=
-108,-179,SJUHwB8m2zd2pAwQhd1Ym9OwYbA=,wp1PbXBVt9vCxGcPb6SN+5xADic=
-109,-179,SJUHwB8m2zd2pAwQhd1Ym9OwYbA=,wp1PbXBVt9vCxGcPb6SN+5xADic=
-110,-179,SJUHwB8m2zd2pAwQhd1Ym9OwYbA=,wp1PbXBVt9vCxGcPb6SN+5xADic=
-111,-179,SJUHwB8m2zd2pAwQhd1Ym9OwYbA=,wp1PbXBVt9vCxGcPb6SN+5xADic=
-112,-179,SJUHwB8m2zd2pAwQhd1Ym9OwYbA=,wp1PbXBVt9vCxGcPb6SN+5xADic=
-111,-192,SJUHwB8m2zd2pAwQhd1Ym9OwYbA=,wp1PbXBVt9vCxGcPb6SN+5xADic=
-97,-180,SJUHwB8m2zd2pAwQhd1Ym9OwYbA=,wp1PbXBVt9vCxGcPb6SN+5xADic=
-98,-180,SJUHwB8m2zd2pAwQhd1Ym9OwYbA=,wp1PbXBVt9vCxGcPb6SN+5xADic=
-107,-179,SJUHwB8m2zd2pAwQhd1Ym9OwYbA=,wp1PbXBVt9vCxGcPb6SN+5xADic=
-99,-180,SJUHwB8m2zd2pAwQhd1Ym9OwYbA=,wp1PbXBVt9vCxGcPb6SN+5xADic=
-100,-180,SJUHwB8m2zd2pAwQhd1Ym9OwYbA=,wp1PbXBVt9vCxGcPb6SN+5xADic=
-102,-190,SJUHwB8m2zd2pAwQhd1Ym9OwYbA=,wp1PbXBVt9vCxGcPb6SN+5xADic=
-101,-180,SJUHwB8m2zd2pAwQhd1Ym9OwYbA=,wp1PbXBVt9vCxGcPb6SN+5xADic=
-102,-180,SJUHwB8m2zd2pAwQhd1Ym9OwYbA=,wp1PbXBVt9vCxGcPb6SN+5xADic=
-103,-180,SJUHwB8m2zd2pAwQhd1Ym9OwYbA=,wp1PbXBVt9vCxGcPb6SN+5xADic=
-104,-180,SJUHwB8m2zd2pAwQhd1Ym9OwYbA=,wp1PbXBVt9vCxGcPb6SN+5xADic=
-104,-178,SJUHwB8m2zd2pAwQhd1Ym9OwYbA=,wp1PbXBVt9vCxGcPb6SN+5xADic=
-106,-180,SJUHwB8m2zd2pAwQhd1Ym9OwYbA=,wp1PbXBVt9vCxGcPb6SN+5xADic=
-107,-180,SJUHwB8m2zd2pAwQhd1Ym9OwYbA=,wp1PbXBVt9vCxGcPb6SN+5xADic=
-108,-180,SJUHwB8m2zd2pAwQhd1Ym9OwYbA=,wp1PbXBVt9vCxGcPb6SN+5xADic=
-109,-180,SJUHwB8m2zd2pAwQhd1Ym9OwYbA=,wp1PbXBVt9vCxGcPb6SN+5xADic=
-110,-180,SJUHwB8m2zd2pAwQhd1Ym9OwYbA=,wp1PbXBVt9vCxGcPb6SN+5xADic=
-111,-180,SJUHwB8m2zd2pAwQhd1Ym9OwYbA=,wp1PbXBVt9vCxGcPb6SN+5xADic=
-111,-178,SJUHwB8m2zd2pAwQhd1Ym9OwYbA=,wp1PbXBVt9vCxGcPb6SN+5xADic=
-109,-178,SJUHwB8m2zd2pAwQhd1Ym9OwYbA=,wp1PbXBVt9vCxGcPb6SN+5xADic=
-97,-181,SJUHwB8m2zd2pAwQhd1Ym9OwYbA=,wp1PbXBVt9vCxGcPb6SN+5xADic=
-98,-181,SJUHwB8m2zd2pAwQhd1Ym9OwYbA=,wp1PbXBVt9vCxGcPb6SN+5xADic=
-100,-181,SJUHwB8m2zd2pAwQhd1Ym9OwYbA=,wp1PbXBVt9vCxGcPb6SN+5xADic=
-99,-192,SJUHwB8m2zd2pAwQhd1Ym9OwYbA=,wp1PbXBVt9vCxGcPb6SN+5xADic=
-101,-181,SJUHwB8m2zd2pAwQhd1Ym9OwYbA=,wp1PbXBVt9vCxGcPb6SN+5xADic=
-103,-190,SJUHwB8m2zd2pAwQhd1Ym9OwYbA=,wp1PbXBVt9vCxGcPb6SN+5xADic=
-102,-181,SJUHwB8m2zd2pAwQhd1Ym9OwYbA=,wp1PbXBVt9vCxGcPb6SN+5xADic=
-103,-181,SJUHwB8m2zd2pAwQhd1Ym9OwYbA=,wp1PbXBVt9vCxGcPb6SN+5xADic=
-104,-181,SJUHwB8m2zd2pAwQhd1Ym9OwYbA=,wp1PbXBVt9vCxGcPb6SN+5xADic=
-99,-181,SJUHwB8m2zd2pAwQhd1Ym9OwYbA=,wp1PbXBVt9vCxGcPb6SN+5xADic=
-112,-191,SJUHwB8m2zd2pAwQhd1Ym9OwYbA=,wp1PbXBVt9vCxGcPb6SN+5xADic=
-107,-181,SJUHwB8m2zd2pAwQhd1Ym9OwYbA=,wp1PbXBVt9vCxGcPb6SN+5xADic=
-98,-192,SJUHwB8m2zd2pAwQhd1Ym9OwYbA=,wp1PbXBVt9vCxGcPb6SN+5xADic=
-109,-181,SJUHwB8m2zd2pAwQhd1Ym9OwYbA=,wp1PbXBVt9vCxGcPb6SN+5xADic=
-110,-181,SJUHwB8m2zd2pAwQhd1Ym9OwYbA=,wp1PbXBVt9vCxGcPb6SN+5xADic=
-105,-180,SJUHwB8m2zd2pAwQhd1Ym9OwYbA=,wp1PbXBVt9vCxGcPb6SN+5xADic=
-111,-181,SJUHwB8m2zd2pAwQhd1Ym9OwYbA=,wp1PbXBVt9vCxGcPb6SN+5xADic=
-112,-181,SJUHwB8m2zd2pAwQhd1Ym9OwYbA=,wp1PbXBVt9vCxGcPb6SN+5xADic=
-109,-177,SJUHwB8m2zd2pAwQhd1Ym9OwYbA=,wp1PbXBVt9vCxGcPb6SN+5xADic=
-99,-182,SJUHwB8m2zd2pAwQhd1Ym9OwYbA=,wp1PbXBVt9vCxGcPb6SN+5xADic=
-100,-182,SJUHwB8m2zd2pAwQhd1Ym9OwYbA=,wp1PbXBVt9vCxGcPb6SN+5xADic=
-112,-180,SJUHwB8m2zd2pAwQhd1Ym9OwYbA=,wp1PbXBVt9vCxGcPb6SN+5xADic=
-105,-181,SJUHwB8m2zd2pAwQhd1Ym9OwYbA=,wp1PbXBVt9vCxGcPb6SN+5xADic=
-100,-192,SJUHwB8m2zd2pAwQhd1Ym9OwYbA=,wp1PbXBVt9vCxGcPb6SN+5xADic=
-102,-182,SJUHwB8m2zd2pAwQhd1Ym9OwYbA=,wp1PbXBVt9vCxGcPb6SN+5xADic=
-104,-190,SJUHwB8m2zd2pAwQhd1Ym9OwYbA=,wp1PbXBVt9vCxGcPb6SN+5xADic=
-108,-181,SJUHwB8m2zd2pAwQhd1Ym9OwYbA=,wp1PbXBVt9vCxGcPb6SN+5xADic=
-105,-182,SJUHwB8m2zd2pAwQhd1Ym9OwYbA=,wp1PbXBVt9vCxGcPb6SN+5xADic=
-106,-182,SJUHwB8m2zd2pAwQhd1Ym9OwYbA=,wp1PbXBVt9vCxGcPb6SN+5xADic=
-106,-181,SJUHwB8m2zd2pAwQhd1Ym9OwYbA=,wp1PbXBVt9vCxGcPb6SN+5xADic=
-107,-182,SJUHwB8m2zd2pAwQhd1Ym9OwYbA=,wp1PbXBVt9vCxGcPb6SN+5xADic=
-109,-182,SJUHwB8m2zd2pAwQhd1Ym9OwYbA=,wp1PbXBVt9vCxGcPb6SN+5xADic=
-110,-182,SJUHwB8m2zd2pAwQhd1Ym9OwYbA=,wp1PbXBVt9vCxGcPb6SN+5xADic=
-111,-182,SJUHwB8m2zd2pAwQhd1Ym9OwYbA=,wp1PbXBVt9vCxGcPb6SN+5xADic=
-108,-182,SJUHwB8m2zd2pAwQhd1Ym9OwYbA=,wp1PbXBVt9vCxGcPb6SN+5xADic=
-105,-179,SJUHwB8m2zd2pAwQhd1Ym9OwYbA=,wp1PbXBVt9vCxGcPb6SN+5xADic=
-98,-183,SJUHwB8m2zd2pAwQhd1Ym9OwYbA=,wp1PbXBVt9vCxGcPb6SN+5xADic=
-99,-183,SJUHwB8m2zd2pAwQhd1Ym9OwYbA=,wp1PbXBVt9vCxGcPb6SN+5xADic=
-100,-183,SJUHwB8m2zd2pAwQhd1Ym9OwYbA=,wp1PbXBVt9vCxGcPb6SN+5xADic=
-101,-183,SJUHwB8m2zd2pAwQhd1Ym9OwYbA=,wp1PbXBVt9vCxGcPb6SN+5xADic=
-102,-183,SJUHwB8m2zd2pAwQhd1Ym9OwYbA=,wp1PbXBVt9vCxGcPb6SN+5xADic=
-103,-183,SJUHwB8m2zd2pAwQhd1Ym9OwYbA=,wp1PbXBVt9vCxGcPb6SN+5xADic=
-101,-192,SJUHwB8m2zd2pAwQhd1Ym9OwYbA=,wp1PbXBVt9vCxGcPb6SN+5xADic=
-105,-190,SJUHwB8m2zd2pAwQhd1Ym9OwYbA=,wp1PbXBVt9vCxGcPb6SN+5xADic=
-104,-183,SJUHwB8m2zd2pAwQhd1Ym9OwYbA=,wp1PbXBVt9vCxGcPb6SN+5xADic=
-105,-183,SJUHwB8m2zd2pAwQhd1Ym9OwYbA=,wp1PbXBVt9vCxGcPb6SN+5xADic=
-106,-183,SJUHwB8m2zd2pAwQhd1Ym9OwYbA=,wp1PbXBVt9vCxGcPb6SN+5xADic=
-108,-192,SJUHwB8m2zd2pAwQhd1Ym9OwYbA=,wp1PbXBVt9vCxGcPb6SN+5xADic=
-107,-189,SJUHwB8m2zd2pAwQhd1Ym9OwYbA=,wp1PbXBVt9vCxGcPb6SN+5xADic=
-106,-189,SJUHwB8m2zd2pAwQhd1Ym9OwYbA=,wp1PbXBVt9vCxGcPb6SN+5xADic=
-105,-189,SJUHwB8m2zd2pAwQhd1Ym9OwYbA=,wp1PbXBVt9vCxGcPb6SN+5xADic=
-104,-189,SJUHwB8m2zd2pAwQhd1Ym9OwYbA=,wp1PbXBVt9vCxGcPb6SN+5xADic=
-103,-189,SJUHwB8m2zd2pAwQhd1Ym9OwYbA=,wp1PbXBVt9vCxGcPb6SN+5xADic=
-102,-189,SJUHwB8m2zd2pAwQhd1Ym9OwYbA=,wp1PbXBVt9vCxGcPb6SN+5xADic=
-101,-189,SJUHwB8m2zd2pAwQhd1Ym9OwYbA=,wp1PbXBVt9vCxGcPb6SN+5xADic=
-100,-189,SJUHwB8m2zd2pAwQhd1Ym9OwYbA=,wp1PbXBVt9vCxGcPb6SN+5xADic=
-99,-189,SJUHwB8m2zd2pAwQhd1Ym9OwYbA=,wp1PbXBVt9vCxGcPb6SN+5xADic=
-98,-189,SJUHwB8m2zd2pAwQhd1Ym9OwYbA=,wp1PbXBVt9vCxGcPb6SN+5xADic=
-97,-189,SJUHwB8m2zd2pAwQhd1Ym9OwYbA=,wp1PbXBVt9vCxGcPb6SN+5xADic=
-111,-190,SJUHwB8m2zd2pAwQhd1Ym9OwYbA=,wp1PbXBVt9vCxGcPb6SN+5xADic=
-112,-188,SJUHwB8m2zd2pAwQhd1Ym9OwYbA=,wp1PbXBVt9vCxGcPb6SN+5xADic=
-111,-188,SJUHwB8m2zd2pAwQhd1Ym9OwYbA=,wp1PbXBVt9vCxGcPb6SN+5xADic=
-110,-188,SJUHwB8m2zd2pAwQhd1Ym9OwYbA=,wp1PbXBVt9vCxGcPb6SN+5xADic=
-109,-188,SJUHwB8m2zd2pAwQhd1Ym9OwYbA=,wp1PbXBVt9vCxGcPb6SN+5xADic=
-110,-190,SJUHwB8m2zd2pAwQhd1Ym9OwYbA=,wp1PbXBVt9vCxGcPb6SN+5xADic=
-108,-188,SJUHwB8m2zd2pAwQhd1Ym9OwYbA=,wp1PbXBVt9vCxGcPb6SN+5xADic=
-112,-192,SJUHwB8m2zd2pAwQhd1Ym9OwYbA=,wp1PbXBVt9vCxGcPb6SN+5xADic=
-107,-192,SJUHwB8m2zd2pAwQhd1Ym9OwYbA=,wp1PbXBVt9vCxGcPb6SN+5xADic=
-107,-188,SJUHwB8m2zd2pAwQhd1Ym9OwYbA=,wp1PbXBVt9vCxGcPb6SN+5xADic=
-106,-188,SJUHwB8m2zd2pAwQhd1Ym9OwYbA=,wp1PbXBVt9vCxGcPb6SN+5xADic=
-105,-188,SJUHwB8m2zd2pAwQhd1Ym9OwYbA=,wp1PbXBVt9vCxGcPb6SN+5xADic=
-104,-188,SJUHwB8m2zd2pAwQhd1Ym9OwYbA=,wp1PbXBVt9vCxGcPb6SN+5xADic=
-107,-183,SJUHwB8m2zd2pAwQhd1Ym9OwYbA=,wp1PbXBVt9vCxGcPb6SN+5xADic=
-108,-183,SJUHwB8m2zd2pAwQhd1Ym9OwYbA=,wp1PbXBVt9vCxGcPb6SN+5xADic=
-109,-183,SJUHwB8m2zd2pAwQhd1Ym9OwYbA=,wp1PbXBVt9vCxGcPb6SN+5xADic=
-98,-182,SJUHwB8m2zd2pAwQhd1Ym9OwYbA=,wp1PbXBVt9vCxGcPb6SN+5xADic=
-111,-183,SJUHwB8m2zd2pAwQhd1Ym9OwYbA=,wp1PbXBVt9vCxGcPb6SN+5xADic=
-103,-188,SJUHwB8m2zd2pAwQhd1Ym9OwYbA=,wp1PbXBVt9vCxGcPb6SN+5xADic=
-102,-188,SJUHwB8m2zd2pAwQhd1Ym9OwYbA=,wp1PbXBVt9vCxGcPb6SN+5xADic=
-101,-188,SJUHwB8m2zd2pAwQhd1Ym9OwYbA=,wp1PbXBVt9vCxGcPb6SN+5xADic=
-112,-183,SJUHwB8m2zd2pAwQhd1Ym9OwYbA=,wp1PbXBVt9vCxGcPb6SN+5xADic=
-97,-184,SJUHwB8m2zd2pAwQhd1Ym9OwYbA=,wp1PbXBVt9vCxGcPb6SN+5xADic=
-98,-184,SJUHwB8m2zd2pAwQhd1Ym9OwYbA=,wp1PbXBVt9vCxGcPb6SN+5xADic=
-99,-184,SJUHwB8m2zd2pAwQhd1Ym9OwYbA=,wp1PbXBVt9vCxGcPb6SN+5xADic=
-100,-184,SJUHwB8m2zd2pAwQhd1Ym9OwYbA=,wp1PbXBVt9vCxGcPb6SN+5xADic=
-101,-184,SJUHwB8m2zd2pAwQhd1Ym9OwYbA=,wp1PbXBVt9vCxGcPb6SN+5xADic=
-102,-184,SJUHwB8m2zd2pAwQhd1Ym9OwYbA=,wp1PbXBVt9vCxGcPb6SN+5xADic=
-103,-184,SJUHwB8m2zd2pAwQhd1Ym9OwYbA=,wp1PbXBVt9vCxGcPb6SN+5xADic=
-104,-184,SJUHwB8m2zd2pAwQhd1Ym9OwYbA=,wp1PbXBVt9vCxGcPb6SN+5xADic=
-97,-182,SJUHwB8m2zd2pAwQhd1Ym9OwYbA=,wp1PbXBVt9vCxGcPb6SN+5xADic=
-106,-190,SJUHwB8m2zd2pAwQhd1Ym9OwYbA=,wp1PbXBVt9vCxGcPb6SN+5xADic=
-105,-184,SJUHwB8m2zd2pAwQhd1Ym9OwYbA=,wp1PbXBVt9vCxGcPb6SN+5xADic=
-106,-184,SJUHwB8m2zd2pAwQhd1Ym9OwYbA=,wp1PbXBVt9vCxGcPb6SN+5xADic=
-110,-183,SJUHwB8m2zd2pAwQhd1Ym9OwYbA=,wp1PbXBVt9vCxGcPb6SN+5xADic=
-108,-184,SJUHwB8m2zd2pAwQhd1Ym9OwYbA=,wp1PbXBVt9vCxGcPb6SN+5xADic=
-109,-184,SJUHwB8m2zd2pAwQhd1Ym9OwYbA=,wp1PbXBVt9vCxGcPb6SN+5xADic=
-110,-184,SJUHwB8m2zd2pAwQhd1Ym9OwYbA=,wp1PbXBVt9vCxGcPb6SN+5xADic=
-111,-184,SJUHwB8m2zd2pAwQhd1Ym9OwYbA=,wp1PbXBVt9vCxGcPb6SN+5xADic=
-112,-184,SJUHwB8m2zd2pAwQhd1Ym9OwYbA=,wp1PbXBVt9vCxGcPb6SN+5xADic=
-107,-184,SJUHwB8m2zd2pAwQhd1Ym9OwYbA=,wp1PbXBVt9vCxGcPb6SN+5xADic=
-100,-188,SJUHwB8m2zd2pAwQhd1Ym9OwYbA=,wp1PbXBVt9vCxGcPb6SN+5xADic=
-99,-188,SJUHwB8m2zd2pAwQhd1Ym9OwYbA=,wp1PbXBVt9vCxGcPb6SN+5xADic=
-97,-185,SJUHwB8m2zd2pAwQhd1Ym9OwYbA=,wp1PbXBVt9vCxGcPb6SN+5xADic=
-99,-185,SJUHwB8m2zd2pAwQhd1Ym9OwYbA=,wp1PbXBVt9vCxGcPb6SN+5xADic=
-100,-185,SJUHwB8m2zd2pAwQhd1Ym9OwYbA=,wp1PbXBVt9vCxGcPb6SN+5xADic=
-101,-185,SJUHwB8m2zd2pAwQhd1Ym9OwYbA=,wp1PbXBVt9vCxGcPb6SN+5xADic=
-98,-188,SJUHwB8m2zd2pAwQhd1Ym9OwYbA=,wp1PbXBVt9vCxGcPb6SN+5xADic=
-97,-188,SJUHwB8m2zd2pAwQhd1Ym9OwYbA=,wp1PbXBVt9vCxGcPb6SN+5xADic=
-106,-192,SJUHwB8m2zd2pAwQhd1Ym9OwYbA=,wp1PbXBVt9vCxGcPb6SN+5xADic=
-112,-187,SJUHwB8m2zd2pAwQhd1Ym9OwYbA=,wp1PbXBVt9vCxGcPb6SN+5xADic=
-111,-187,SJUHwB8m2zd2pAwQhd1Ym9OwYbA=,wp1PbXBVt9vCxGcPb6SN+5xADic=
-110,-187,SJUHwB8m2zd2pAwQhd1Ym9OwYbA=,wp1PbXBVt9vCxGcPb6SN+5xADic=
-109,-187,SJUHwB8m2zd2pAwQhd1Ym9OwYbA=,wp1PbXBVt9vCxGcPb6SN+5xADic=
-108,-187,SJUHwB8m2zd2pAwQhd1Ym9OwYbA=,wp1PbXBVt9vCxGcPb6SN+5xADic=
-109,-190,SJUHwB8m2zd2pAwQhd1Ym9OwYbA=,wp1PbXBVt9vCxGcPb6SN+5xADic=
-105,-192,SJUHwB8m2zd2pAwQhd1Ym9OwYbA=,wp1PbXBVt9vCxGcPb6SN+5xADic=
-104,-182,SJUHwB8m2zd2pAwQhd1Ym9OwYbA=,wp1PbXBVt9vCxGcPb6SN+5xADic=
-103,-185,SJUHwB8m2zd2pAwQhd1Ym9OwYbA=,wp1PbXBVt9vCxGcPb6SN+5xADic=
-102,-192,SJUHwB8m2zd2pAwQhd1Ym9OwYbA=,wp1PbXBVt9vCxGcPb6SN+5xADic=
-103,-192,SJUHwB8m2zd2pAwQhd1Ym9OwYbA=,wp1PbXBVt9vCxGcPb6SN+5xADic=
-105,-185,SJUHwB8m2zd2pAwQhd1Ym9OwYbA=,wp1PbXBVt9vCxGcPb6SN+5xADic=
-107,-190,SJUHwB8m2zd2pAwQhd1Ym9OwYbA=,wp1PbXBVt9vCxGcPb6SN+5xADic=
-106,-185,SJUHwB8m2zd2pAwQhd1Ym9OwYbA=,wp1PbXBVt9vCxGcPb6SN+5xADic=
-107,-185,SJUHwB8m2zd2pAwQhd1Ym9OwYbA=,wp1PbXBVt9vCxGcPb6SN+5xADic=
-104,-185,SJUHwB8m2zd2pAwQhd1Ym9OwYbA=,wp1PbXBVt9vCxGcPb6SN+5xADic=
-109,-185,SJUHwB8m2zd2pAwQhd1Ym9OwYbA=,wp1PbXBVt9vCxGcPb6SN+5xADic=
-110,-185,SJUHwB8m2zd2pAwQhd1Ym9OwYbA=,wp1PbXBVt9vCxGcPb6SN+5xADic=
-111,-185,SJUHwB8m2zd2pAwQhd1Ym9OwYbA=,wp1PbXBVt9vCxGcPb6SN+5xADic=
-112,-185,SJUHwB8m2zd2pAwQhd1Ym9OwYbA=,wp1PbXBVt9vCxGcPb6SN+5xADic=
-97,-186,SJUHwB8m2zd2pAwQhd1Ym9OwYbA=,wp1PbXBVt9vCxGcPb6SN+5xADic=
-98,-186,SJUHwB8m2zd2pAwQhd1Ym9OwYbA=,wp1PbXBVt9vCxGcPb6SN+5xADic=
-99,-186,SJUHwB8m2zd2pAwQhd1Ym9OwYbA=,wp1PbXBVt9vCxGcPb6SN+5xADic=
-98,-185,SJUHwB8m2zd2pAwQhd1Ym9OwYbA=,wp1PbXBVt9vCxGcPb6SN+5xADic=
-101,-186,SJUHwB8m2zd2pAwQhd1Ym9OwYbA=,wp1PbXBVt9vCxGcPb6SN+5xADic=
-102,-186,SJUHwB8m2zd2pAwQhd1Ym9OwYbA=,wp1PbXBVt9vCxGcPb6SN+5xADic=
-103,-186,SJUHwB8m2zd2pAwQhd1Ym9OwYbA=,wp1PbXBVt9vCxGcPb6SN+5xADic=
-102,-185,SJUHwB8m2zd2pAwQhd1Ym9OwYbA=,wp1PbXBVt9vCxGcPb6SN+5xADic=
-105,-186,SJUHwB8m2zd2pAwQhd1Ym9OwYbA=,wp1PbXBVt9vCxGcPb6SN+5xADic=
-106,-186,SJUHwB8m2zd2pAwQhd1Ym9OwYbA=,wp1PbXBVt9vCxGcPb6SN+5xADic=
-107,-187,SJUHwB8m2zd2pAwQhd1Ym9OwYbA=,wp1PbXBVt9vCxGcPb6SN+5xADic=
-101,-182,SJUHwB8m2zd2pAwQhd1Ym9OwYbA=,wp1PbXBVt9vCxGcPb6SN+5xADic=
-108,-190,SJUHwB8m2zd2pAwQhd1Ym9OwYbA=,wp1PbXBVt9vCxGcPb6SN+5xADic=
-107,-186,SJUHwB8m2zd2pAwQhd1Ym9OwYbA=,wp1PbXBVt9vCxGcPb6SN+5xADic=
-108,-186,SJUHwB8m2zd2pAwQhd1Ym9OwYbA=,wp1PbXBVt9vCxGcPb6SN+5xADic=
-109,-186,SJUHwB8m2zd2pAwQhd1Ym9OwYbA=,wp1PbXBVt9vCxGcPb6SN+5xADic=
-110,-186,SJUHwB8m2zd2pAwQhd1Ym9OwYbA=,wp1PbXBVt9vCxGcPb6SN+5xADic=
-111,-186,SJUHwB8m2zd2pAwQhd1Ym9OwYbA=,wp1PbXBVt9vCxGcPb6SN+5xADic=
-112,-186,SJUHwB8m2zd2pAwQhd1Ym9OwYbA=,wp1PbXBVt9vCxGcPb6SN+5xADic=
-97,-187,SJUHwB8m2zd2pAwQhd1Ym9OwYbA=,wp1PbXBVt9vCxGcPb6SN+5xADic=
-98,-187,SJUHwB8m2zd2pAwQhd1Ym9OwYbA=,wp1PbXBVt9vCxGcPb6SN+5xADic=
-99,-187,SJUHwB8m2zd2pAwQhd1Ym9OwYbA=,wp1PbXBVt9vCxGcPb6SN+5xADic=
-100,-187,SJUHwB8m2zd2pAwQhd1Ym9OwYbA=,wp1PbXBVt9vCxGcPb6SN+5xADic=
-101,-187,SJUHwB8m2zd2pAwQhd1Ym9OwYbA=,wp1PbXBVt9vCxGcPb6SN+5xADic=
-106,-187,SJUHwB8m2zd2pAwQhd1Ym9OwYbA=,wp1PbXBVt9vCxGcPb6SN+5xADic=
-105,-187,SJUHwB8m2zd2pAwQhd1Ym9OwYbA=,wp1PbXBVt9vCxGcPb6SN+5xADic=
-104,-187,SJUHwB8m2zd2pAwQhd1Ym9OwYbA=,wp1PbXBVt9vCxGcPb6SN+5xADic=
-103,-187,SJUHwB8m2zd2pAwQhd1Ym9OwYbA=,wp1PbXBVt9vCxGcPb6SN+5xADic=
-102,-187,SJUHwB8m2zd2pAwQhd1Ym9OwYbA=,wp1PbXBVt9vCxGcPb6SN+5xADic=
-108,-185,SJUHwB8m2zd2pAwQhd1Ym9OwYbA=,wp1PbXBVt9vCxGcPb6SN+5xADic=
-100,-186,SJUHwB8m2zd2pAwQhd1Ym9OwYbA=,wp1PbXBVt9vCxGcPb6SN+5xADic=
-104,-186,SJUHwB8m2zd2pAwQhd1Ym9OwYbA=,wp1PbXBVt9vCxGcPb6SN+5xADic=
-104,-192,SJUHwB8m2zd2pAwQhd1Ym9OwYbA=,wp1PbXBVt9vCxGcPb6SN+5xADic=
-103,-182,SJUHwB8m2zd2pAwQhd1Ym9OwYbA=,wp1PbXBVt9vCxGcPb6SN+5xADic=
-97,-183,SJUHwB8m2zd2pAwQhd1Ym9OwYbA=,wp1PbXBVt9vCxGcPb6SN+5xADic=
-112,-182,SJUHwB8m2zd2pAwQhd1Ym9OwYbA=,wp1PbXBVt9vCxGcPb6SN+5xADic=
-114,-190,JI5T4ezMU6ig/92R4gHsKWjmHxs=,qQ98z2EtQY1IdcJKavDgSkt2rNM=
-113,-177,JI5T4ezMU6ig/92R4gHsKWjmHxs=,qQ98z2EtQY1IdcJKavDgSkt2rNM=
-115,-190,JI5T4ezMU6ig/92R4gHsKWjmHxs=,qQ98z2EtQY1IdcJKavDgSkt2rNM=
-125,-192,JI5T4ezMU6ig/92R4gHsKWjmHxs=,qQ98z2EtQY1IdcJKavDgSkt2rNM=
-114,-177,JI5T4ezMU6ig/92R4gHsKWjmHxs=,qQ98z2EtQY1IdcJKavDgSkt2rNM=
-115,-177,JI5T4ezMU6ig/92R4gHsKWjmHxs=,qQ98z2EtQY1IdcJKavDgSkt2rNM=
-116,-177,JI5T4ezMU6ig/92R4gHsKWjmHxs=,qQ98z2EtQY1IdcJKavDgSkt2rNM=
-117,-177,JI5T4ezMU6ig/92R4gHsKWjmHxs=,qQ98z2EtQY1IdcJKavDgSkt2rNM=
-119,-177,JI5T4ezMU6ig/92R4gHsKWjmHxs=,qQ98z2EtQY1IdcJKavDgSkt2rNM=
-120,-177,JI5T4ezMU6ig/92R4gHsKWjmHxs=,qQ98z2EtQY1IdcJKavDgSkt2rNM=
-121,-177,JI5T4ezMU6ig/92R4gHsKWjmHxs=,qQ98z2EtQY1IdcJKavDgSkt2rNM=
-122,-177,JI5T4ezMU6ig/92R4gHsKWjmHxs=,qQ98z2EtQY1IdcJKavDgSkt2rNM=
-118,-177,JI5T4ezMU6ig/92R4gHsKWjmHxs=,qQ98z2EtQY1IdcJKavDgSkt2rNM=
-124,-177,JI5T4ezMU6ig/92R4gHsKWjmHxs=,qQ98z2EtQY1IdcJKavDgSkt2rNM=
-123,-177,JI5T4ezMU6ig/92R4gHsKWjmHxs=,qQ98z2EtQY1IdcJKavDgSkt2rNM=
-125,-177,JI5T4ezMU6ig/92R4gHsKWjmHxs=,qQ98z2EtQY1IdcJKavDgSkt2rNM=
-127,-191,JI5T4ezMU6ig/92R4gHsKWjmHxs=,qQ98z2EtQY1IdcJKavDgSkt2rNM=
-127,-177,JI5T4ezMU6ig/92R4gHsKWjmHxs=,qQ98z2EtQY1IdcJKavDgSkt2rNM=
-114,-191,JI5T4ezMU6ig/92R4gHsKWjmHxs=,qQ98z2EtQY1IdcJKavDgSkt2rNM=
-118,-191,JI5T4ezMU6ig/92R4gHsKWjmHxs=,qQ98z2EtQY1IdcJKavDgSkt2rNM=
-117,-191,JI5T4ezMU6ig/92R4gHsKWjmHxs=,qQ98z2EtQY1IdcJKavDgSkt2rNM=
-120,-191,JI5T4ezMU6ig/92R4gHsKWjmHxs=,qQ98z2EtQY1IdcJKavDgSkt2rNM=
-121,-191,JI5T4ezMU6ig/92R4gHsKWjmHxs=,qQ98z2EtQY1IdcJKavDgSkt2rNM=
-122,-191,JI5T4ezMU6ig/92R4gHsKWjmHxs=,qQ98z2EtQY1IdcJKavDgSkt2rNM=
-123,-191,JI5T4ezMU6ig/92R4gHsKWjmHxs=,qQ98z2EtQY1IdcJKavDgSkt2rNM=
-124,-191,JI5T4ezMU6ig/92R4gHsKWjmHxs=,qQ98z2EtQY1IdcJKavDgSkt2rNM=
-128,-177,JI5T4ezMU6ig/92R4gHsKWjmHxs=,qQ98z2EtQY1IdcJKavDgSkt2rNM=
-125,-191,JI5T4ezMU6ig/92R4gHsKWjmHxs=,qQ98z2EtQY1IdcJKavDgSkt2rNM=
-113,-178,JI5T4ezMU6ig/92R4gHsKWjmHxs=,qQ98z2EtQY1IdcJKavDgSkt2rNM=
-119,-191,JI5T4ezMU6ig/92R4gHsKWjmHxs=,qQ98z2EtQY1IdcJKavDgSkt2rNM=
-126,-192,JI5T4ezMU6ig/92R4gHsKWjmHxs=,qQ98z2EtQY1IdcJKavDgSkt2rNM=
-116,-190,JI5T4ezMU6ig/92R4gHsKWjmHxs=,qQ98z2EtQY1IdcJKavDgSkt2rNM=
-115,-178,JI5T4ezMU6ig/92R4gHsKWjmHxs=,qQ98z2EtQY1IdcJKavDgSkt2rNM=
-116,-178,JI5T4ezMU6ig/92R4gHsKWjmHxs=,qQ98z2EtQY1IdcJKavDgSkt2rNM=
-117,-178,JI5T4ezMU6ig/92R4gHsKWjmHxs=,qQ98z2EtQY1IdcJKavDgSkt2rNM=
-118,-178,JI5T4ezMU6ig/92R4gHsKWjmHxs=,qQ98z2EtQY1IdcJKavDgSkt2rNM=
-119,-178,JI5T4ezMU6ig/92R4gHsKWjmHxs=,qQ98z2EtQY1IdcJKavDgSkt2rNM=
-120,-178,JI5T4ezMU6ig/92R4gHsKWjmHxs=,qQ98z2EtQY1IdcJKavDgSkt2rNM=
-121,-178,JI5T4ezMU6ig/92R4gHsKWjmHxs=,qQ98z2EtQY1IdcJKavDgSkt2rNM=
-122,-178,JI5T4ezMU6ig/92R4gHsKWjmHxs=,qQ98z2EtQY1IdcJKavDgSkt2rNM=
-123,-178,JI5T4ezMU6ig/92R4gHsKWjmHxs=,qQ98z2EtQY1IdcJKavDgSkt2rNM=
-124,-178,JI5T4ezMU6ig/92R4gHsKWjmHxs=,qQ98z2EtQY1IdcJKavDgSkt2rNM=
-126,-178,JI5T4ezMU6ig/92R4gHsKWjmHxs=,qQ98z2EtQY1IdcJKavDgSkt2rNM=
-127,-178,JI5T4ezMU6ig/92R4gHsKWjmHxs=,qQ98z2EtQY1IdcJKavDgSkt2rNM=
-114,-178,JI5T4ezMU6ig/92R4gHsKWjmHxs=,qQ98z2EtQY1IdcJKavDgSkt2rNM=
-113,-179,JI5T4ezMU6ig/92R4gHsKWjmHxs=,qQ98z2EtQY1IdcJKavDgSkt2rNM=
-114,-179,JI5T4ezMU6ig/92R4gHsKWjmHxs=,qQ98z2EtQY1IdcJKavDgSkt2rNM=
-128,-191,JI5T4ezMU6ig/92R4gHsKWjmHxs=,qQ98z2EtQY1IdcJKavDgSkt2rNM=
-115,-179,JI5T4ezMU6ig/92R4gHsKWjmHxs=,qQ98z2EtQY1IdcJKavDgSkt2rNM=
-128,-178,JI5T4ezMU6ig/92R4gHsKWjmHxs=,qQ98z2EtQY1IdcJKavDgSkt2rNM=
-117,-190,JI5T4ezMU6ig/92R4gHsKWjmHxs=,qQ98z2EtQY1IdcJKavDgSkt2rNM=
-116,-179,JI5T4ezMU6ig/92R4gHsKWjmHxs=,qQ98z2EtQY1IdcJKavDgSkt2rNM=
-117,-179,JI5T4ezMU6ig/92R4gHsKWjmHxs=,qQ98z2EtQY1IdcJKavDgSkt2rNM=
-118,-179,JI5T4ezMU6ig/92R4gHsKWjmHxs=,qQ98z2EtQY1IdcJKavDgSkt2rNM=
-119,-179,JI5T4ezMU6ig/92R4gHsKWjmHxs=,qQ98z2EtQY1IdcJKavDgSkt2rNM=
-120,-179,JI5T4ezMU6ig/92R4gHsKWjmHxs=,qQ98z2EtQY1IdcJKavDgSkt2rNM=
-121,-179,JI5T4ezMU6ig/92R4gHsKWjmHxs=,qQ98z2EtQY1IdcJKavDgSkt2rNM=
-122,-179,JI5T4ezMU6ig/92R4gHsKWjmHxs=,qQ98z2EtQY1IdcJKavDgSkt2rNM=
-123,-179,JI5T4ezMU6ig/92R4gHsKWjmHxs=,qQ98z2EtQY1IdcJKavDgSkt2rNM=
-124,-179,JI5T4ezMU6ig/92R4gHsKWjmHxs=,qQ98z2EtQY1IdcJKavDgSkt2rNM=
-125,-179,JI5T4ezMU6ig/92R4gHsKWjmHxs=,qQ98z2EtQY1IdcJKavDgSkt2rNM=
-126,-179,JI5T4ezMU6ig/92R4gHsKWjmHxs=,qQ98z2EtQY1IdcJKavDgSkt2rNM=
-113,-192,JI5T4ezMU6ig/92R4gHsKWjmHxs=,qQ98z2EtQY1IdcJKavDgSkt2rNM=
-127,-179,JI5T4ezMU6ig/92R4gHsKWjmHxs=,qQ98z2EtQY1IdcJKavDgSkt2rNM=
-127,-192,JI5T4ezMU6ig/92R4gHsKWjmHxs=,qQ98z2EtQY1IdcJKavDgSkt2rNM=
-115,-180,JI5T4ezMU6ig/92R4gHsKWjmHxs=,qQ98z2EtQY1IdcJKavDgSkt2rNM=
-114,-180,JI5T4ezMU6ig/92R4gHsKWjmHxs=,qQ98z2EtQY1IdcJKavDgSkt2rNM=
-116,-180,JI5T4ezMU6ig/92R4gHsKWjmHxs=,qQ98z2EtQY1IdcJKavDgSkt2rNM=
-118,-190,JI5T4ezMU6ig/92R4gHsKWjmHxs=,qQ98z2EtQY1IdcJKavDgSkt2rNM=
-117,-180,JI5T4ezMU6ig/92R4gHsKWjmHxs=,qQ98z2EtQY1IdcJKavDgSkt2rNM=
-118,-180,JI5T4ezMU6ig/92R4gHsKWjmHxs=,qQ98z2EtQY1IdcJKavDgSkt2rNM=
-114,-192,JI5T4ezMU6ig/92R4gHsKWjmHxs=,qQ98z2EtQY1IdcJKavDgSkt2rNM=
-120,-180,JI5T4ezMU6ig/92R4gHsKWjmHxs=,qQ98z2EtQY1IdcJKavDgSkt2rNM=
-121,-180,JI5T4ezMU6ig/92R4gHsKWjmHxs=,qQ98z2EtQY1IdcJKavDgSkt2rNM=
-122,-180,JI5T4ezMU6ig/92R4gHsKWjmHxs=,qQ98z2EtQY1IdcJKavDgSkt2rNM=
-119,-180,JI5T4ezMU6ig/92R4gHsKWjmHxs=,qQ98z2EtQY1IdcJKavDgSkt2rNM=
-124,-180,JI5T4ezMU6ig/92R4gHsKWjmHxs=,qQ98z2EtQY1IdcJKavDgSkt2rNM=
-125,-180,JI5T4ezMU6ig/92R4gHsKWjmHxs=,qQ98z2EtQY1IdcJKavDgSkt2rNM=
-128,-180,JI5T4ezMU6ig/92R4gHsKWjmHxs=,qQ98z2EtQY1IdcJKavDgSkt2rNM=
-113,-181,JI5T4ezMU6ig/92R4gHsKWjmHxs=,qQ98z2EtQY1IdcJKavDgSkt2rNM=
-114,-181,JI5T4ezMU6ig/92R4gHsKWjmHxs=,qQ98z2EtQY1IdcJKavDgSkt2rNM=
-127,-180,JI5T4ezMU6ig/92R4gHsKWjmHxs=,qQ98z2EtQY1IdcJKavDgSkt2rNM=
-115,-181,JI5T4ezMU6ig/92R4gHsKWjmHxs=,qQ98z2EtQY1IdcJKavDgSkt2rNM=
-117,-181,JI5T4ezMU6ig/92R4gHsKWjmHxs=,qQ98z2EtQY1IdcJKavDgSkt2rNM=
-119,-190,JI5T4ezMU6ig/92R4gHsKWjmHxs=,qQ98z2EtQY1IdcJKavDgSkt2rNM=
-118,-181,JI5T4ezMU6ig/92R4gHsKWjmHxs=,qQ98z2EtQY1IdcJKavDgSkt2rNM=
-126,-177,JI5T4ezMU6ig/92R4gHsKWjmHxs=,qQ98z2EtQY1IdcJKavDgSkt2rNM=
-120,-181,JI5T4ezMU6ig/92R4gHsKWjmHxs=,qQ98z2EtQY1IdcJKavDgSkt2rNM=
-113,-191,JI5T4ezMU6ig/92R4gHsKWjmHxs=,qQ98z2EtQY1IdcJKavDgSkt2rNM=
-116,-191,JI5T4ezMU6ig/92R4gHsKWjmHxs=,qQ98z2EtQY1IdcJKavDgSkt2rNM=
-123,-181,JI5T4ezMU6ig/92R4gHsKWjmHxs=,qQ98z2EtQY1IdcJKavDgSkt2rNM=
-124,-181,JI5T4ezMU6ig/92R4gHsKWjmHxs=,qQ98z2EtQY1IdcJKavDgSkt2rNM=
-125,-181,JI5T4ezMU6ig/92R4gHsKWjmHxs=,qQ98z2EtQY1IdcJKavDgSkt2rNM=
-115,-191,JI5T4ezMU6ig/92R4gHsKWjmHxs=,qQ98z2EtQY1IdcJKavDgSkt2rNM=
-127,-181,JI5T4ezMU6ig/92R4gHsKWjmHxs=,qQ98z2EtQY1IdcJKavDgSkt2rNM=
-128,-181,JI5T4ezMU6ig/92R4gHsKWjmHxs=,qQ98z2EtQY1IdcJKavDgSkt2rNM=
-126,-191,JI5T4ezMU6ig/92R4gHsKWjmHxs=,qQ98z2EtQY1IdcJKavDgSkt2rNM=
-125,-178,JI5T4ezMU6ig/92R4gHsKWjmHxs=,qQ98z2EtQY1IdcJKavDgSkt2rNM=
-114,-182,JI5T4ezMU6ig/92R4gHsKWjmHxs=,qQ98z2EtQY1IdcJKavDgSkt2rNM=
-115,-182,JI5T4ezMU6ig/92R4gHsKWjmHxs=,qQ98z2EtQY1IdcJKavDgSkt2rNM=
-128,-179,JI5T4ezMU6ig/92R4gHsKWjmHxs=,qQ98z2EtQY1IdcJKavDgSkt2rNM=
-116,-192,JI5T4ezMU6ig/92R4gHsKWjmHxs=,qQ98z2EtQY1IdcJKavDgSkt2rNM=
-118,-182,JI5T4ezMU6ig/92R4gHsKWjmHxs=,qQ98z2EtQY1IdcJKavDgSkt2rNM=
-113,-180,JI5T4ezMU6ig/92R4gHsKWjmHxs=,qQ98z2EtQY1IdcJKavDgSkt2rNM=
-119,-182,JI5T4ezMU6ig/92R4gHsKWjmHxs=,qQ98z2EtQY1IdcJKavDgSkt2rNM=
-120,-182,JI5T4ezMU6ig/92R4gHsKWjmHxs=,qQ98z2EtQY1IdcJKavDgSkt2rNM=
-121,-182,JI5T4ezMU6ig/92R4gHsKWjmHxs=,qQ98z2EtQY1IdcJKavDgSkt2rNM=
-126,-180,JI5T4ezMU6ig/92R4gHsKWjmHxs=,qQ98z2EtQY1IdcJKavDgSkt2rNM=
-123,-182,JI5T4ezMU6ig/92R4gHsKWjmHxs=,qQ98z2EtQY1IdcJKavDgSkt2rNM=
-124,-182,JI5T4ezMU6ig/92R4gHsKWjmHxs=,qQ98z2EtQY1IdcJKavDgSkt2rNM=
-125,-182,JI5T4ezMU6ig/92R4gHsKWjmHxs=,qQ98z2EtQY1IdcJKavDgSkt2rNM=
-123,-180,JI5T4ezMU6ig/92R4gHsKWjmHxs=,qQ98z2EtQY1IdcJKavDgSkt2rNM=
-127,-182,JI5T4ezMU6ig/92R4gHsKWjmHxs=,qQ98z2EtQY1IdcJKavDgSkt2rNM=
-128,-182,JI5T4ezMU6ig/92R4gHsKWjmHxs=,qQ98z2EtQY1IdcJKavDgSkt2rNM=
-115,-192,JI5T4ezMU6ig/92R4gHsKWjmHxs=,qQ98z2EtQY1IdcJKavDgSkt2rNM=
-114,-183,JI5T4ezMU6ig/92R4gHsKWjmHxs=,qQ98z2EtQY1IdcJKavDgSkt2rNM=
-113,-183,JI5T4ezMU6ig/92R4gHsKWjmHxs=,qQ98z2EtQY1IdcJKavDgSkt2rNM=
-115,-183,JI5T4ezMU6ig/92R4gHsKWjmHxs=,qQ98z2EtQY1IdcJKavDgSkt2rNM=
-117,-183,JI5T4ezMU6ig/92R4gHsKWjmHxs=,qQ98z2EtQY1IdcJKavDgSkt2rNM=
-118,-183,JI5T4ezMU6ig/92R4gHsKWjmHxs=,qQ98z2EtQY1IdcJKavDgSkt2rNM=
-119,-183,JI5T4ezMU6ig/92R4gHsKWjmHxs=,qQ98z2EtQY1IdcJKavDgSkt2rNM=
-117,-192,JI5T4ezMU6ig/92R4gHsKWjmHxs=,qQ98z2EtQY1IdcJKavDgSkt2rNM=
-116,-181,JI5T4ezMU6ig/92R4gHsKWjmHxs=,qQ98z2EtQY1IdcJKavDgSkt2rNM=
-120,-183,JI5T4ezMU6ig/92R4gHsKWjmHxs=,qQ98z2EtQY1IdcJKavDgSkt2rNM=
-121,-183,JI5T4ezMU6ig/92R4gHsKWjmHxs=,qQ98z2EtQY1IdcJKavDgSkt2rNM=
-122,-183,JI5T4ezMU6ig/92R4gHsKWjmHxs=,qQ98z2EtQY1IdcJKavDgSkt2rNM=
-123,-183,JI5T4ezMU6ig/92R4gHsKWjmHxs=,qQ98z2EtQY1IdcJKavDgSkt2rNM=
-124,-183,JI5T4ezMU6ig/92R4gHsKWjmHxs=,qQ98z2EtQY1IdcJKavDgSkt2rNM=
-125,-183,JI5T4ezMU6ig/92R4gHsKWjmHxs=,qQ98z2EtQY1IdcJKavDgSkt2rNM=
-119,-181,JI5T4ezMU6ig/92R4gHsKWjmHxs=,qQ98z2EtQY1IdcJKavDgSkt2rNM=
-127,-183,JI5T4ezMU6ig/92R4gHsKWjmHxs=,qQ98z2EtQY1IdcJKavDgSkt2rNM=
-121,-181,JI5T4ezMU6ig/92R4gHsKWjmHxs=,qQ98z2EtQY1IdcJKavDgSkt2rNM=
-113,-184,JI5T4ezMU6ig/92R4gHsKWjmHxs=,qQ98z2EtQY1IdcJKavDgSkt2rNM=
-114,-184,JI5T4ezMU6ig/92R4gHsKWjmHxs=,qQ98z2EtQY1IdcJKavDgSkt2rNM=
-115,-184,JI5T4ezMU6ig/92R4gHsKWjmHxs=,qQ98z2EtQY1IdcJKavDgSkt2rNM=
-116,-184,JI5T4ezMU6ig/92R4gHsKWjmHxs=,qQ98z2EtQY1IdcJKavDgSkt2rNM=
-117,-184,JI5T4ezMU6ig/92R4gHsKWjmHxs=,qQ98z2EtQY1IdcJKavDgSkt2rNM=
-118,-184,JI5T4ezMU6ig/92R4gHsKWjmHxs=,qQ98z2EtQY1IdcJKavDgSkt2rNM=
-119,-184,JI5T4ezMU6ig/92R4gHsKWjmHxs=,qQ98z2EtQY1IdcJKavDgSkt2rNM=
-120,-184,JI5T4ezMU6ig/92R4gHsKWjmHxs=,qQ98z2EtQY1IdcJKavDgSkt2rNM=
-128,-183,JI5T4ezMU6ig/92R4gHsKWjmHxs=,qQ98z2EtQY1IdcJKavDgSkt2rNM=
-122,-190,JI5T4ezMU6ig/92R4gHsKWjmHxs=,qQ98z2EtQY1IdcJKavDgSkt2rNM=
-121,-184,JI5T4ezMU6ig/92R4gHsKWjmHxs=,qQ98z2EtQY1IdcJKavDgSkt2rNM=
-122,-184,JI5T4ezMU6ig/92R4gHsKWjmHxs=,qQ98z2EtQY1IdcJKavDgSkt2rNM=
-123,-184,JI5T4ezMU6ig/92R4gHsKWjmHxs=,qQ98z2EtQY1IdcJKavDgSkt2rNM=
-124,-184,JI5T4ezMU6ig/92R4gHsKWjmHxs=,qQ98z2EtQY1IdcJKavDgSkt2rNM=
-118,-192,JI5T4ezMU6ig/92R4gHsKWjmHxs=,qQ98z2EtQY1IdcJKavDgSkt2rNM=
-126,-184,JI5T4ezMU6ig/92R4gHsKWjmHxs=,qQ98z2EtQY1IdcJKavDgSkt2rNM=
-127,-184,JI5T4ezMU6ig/92R4gHsKWjmHxs=,qQ98z2EtQY1IdcJKavDgSkt2rNM=
-122,-181,JI5T4ezMU6ig/92R4gHsKWjmHxs=,qQ98z2EtQY1IdcJKavDgSkt2rNM=
-113,-185,JI5T4ezMU6ig/92R4gHsKWjmHxs=,qQ98z2EtQY1IdcJKavDgSkt2rNM=
-114,-185,JI5T4ezMU6ig/92R4gHsKWjmHxs=,qQ98z2EtQY1IdcJKavDgSkt2rNM=
-115,-185,JI5T4ezMU6ig/92R4gHsKWjmHxs=,qQ98z2EtQY1IdcJKavDgSkt2rNM=
-116,-185,JI5T4ezMU6ig/92R4gHsKWjmHxs=,qQ98z2EtQY1IdcJKavDgSkt2rNM=
-117,-185,JI5T4ezMU6ig/92R4gHsKWjmHxs=,qQ98z2EtQY1IdcJKavDgSkt2rNM=
-118,-185,JI5T4ezMU6ig/92R4gHsKWjmHxs=,qQ98z2EtQY1IdcJKavDgSkt2rNM=
-119,-185,JI5T4ezMU6ig/92R4gHsKWjmHxs=,qQ98z2EtQY1IdcJKavDgSkt2rNM=
-120,-185,JI5T4ezMU6ig/92R4gHsKWjmHxs=,qQ98z2EtQY1IdcJKavDgSkt2rNM=
-113,-182,JI5T4ezMU6ig/92R4gHsKWjmHxs=,qQ98z2EtQY1IdcJKavDgSkt2rNM=
-121,-185,JI5T4ezMU6ig/92R4gHsKWjmHxs=,qQ98z2EtQY1IdcJKavDgSkt2rNM=
-123,-190,JI5T4ezMU6ig/92R4gHsKWjmHxs=,qQ98z2EtQY1IdcJKavDgSkt2rNM=
-122,-185,JI5T4ezMU6ig/92R4gHsKWjmHxs=,qQ98z2EtQY1IdcJKavDgSkt2rNM=
-123,-185,JI5T4ezMU6ig/92R4gHsKWjmHxs=,qQ98z2EtQY1IdcJKavDgSkt2rNM=
-124,-185,JI5T4ezMU6ig/92R4gHsKWjmHxs=,qQ98z2EtQY1IdcJKavDgSkt2rNM=
-125,-185,JI5T4ezMU6ig/92R4gHsKWjmHxs=,qQ98z2EtQY1IdcJKavDgSkt2rNM=
-126,-185,JI5T4ezMU6ig/92R4gHsKWjmHxs=,qQ98z2EtQY1IdcJKavDgSkt2rNM=
-127,-185,JI5T4ezMU6ig/92R4gHsKWjmHxs=,qQ98z2EtQY1IdcJKavDgSkt2rNM=
-128,-185,JI5T4ezMU6ig/92R4gHsKWjmHxs=,qQ98z2EtQY1IdcJKavDgSkt2rNM=
-113,-186,JI5T4ezMU6ig/92R4gHsKWjmHxs=,qQ98z2EtQY1IdcJKavDgSkt2rNM=
-114,-186,JI5T4ezMU6ig/92R4gHsKWjmHxs=,qQ98z2EtQY1IdcJKavDgSkt2rNM=
-115,-186,JI5T4ezMU6ig/92R4gHsKWjmHxs=,qQ98z2EtQY1IdcJKavDgSkt2rNM=
-116,-186,JI5T4ezMU6ig/92R4gHsKWjmHxs=,qQ98z2EtQY1IdcJKavDgSkt2rNM=
-117,-186,JI5T4ezMU6ig/92R4gHsKWjmHxs=,qQ98z2EtQY1IdcJKavDgSkt2rNM=
-118,-186,JI5T4ezMU6ig/92R4gHsKWjmHxs=,qQ98z2EtQY1IdcJKavDgSkt2rNM=
-119,-186,JI5T4ezMU6ig/92R4gHsKWjmHxs=,qQ98z2EtQY1IdcJKavDgSkt2rNM=
-120,-186,JI5T4ezMU6ig/92R4gHsKWjmHxs=,qQ98z2EtQY1IdcJKavDgSkt2rNM=
-121,-186,JI5T4ezMU6ig/92R4gHsKWjmHxs=,qQ98z2EtQY1IdcJKavDgSkt2rNM=
-122,-186,JI5T4ezMU6ig/92R4gHsKWjmHxs=,qQ98z2EtQY1IdcJKavDgSkt2rNM=
-120,-192,JI5T4ezMU6ig/92R4gHsKWjmHxs=,qQ98z2EtQY1IdcJKavDgSkt2rNM=
-124,-190,JI5T4ezMU6ig/92R4gHsKWjmHxs=,qQ98z2EtQY1IdcJKavDgSkt2rNM=
-123,-186,JI5T4ezMU6ig/92R4gHsKWjmHxs=,qQ98z2EtQY1IdcJKavDgSkt2rNM=
-124,-186,JI5T4ezMU6ig/92R4gHsKWjmHxs=,qQ98z2EtQY1IdcJKavDgSkt2rNM=
-125,-186,JI5T4ezMU6ig/92R4gHsKWjmHxs=,qQ98z2EtQY1IdcJKavDgSkt2rNM=
-126,-181,JI5T4ezMU6ig/92R4gHsKWjmHxs=,qQ98z2EtQY1IdcJKavDgSkt2rNM=
-127,-186,JI5T4ezMU6ig/92R4gHsKWjmHxs=,qQ98z2EtQY1IdcJKavDgSkt2rNM=
-128,-186,JI5T4ezMU6ig/92R4gHsKWjmHxs=,qQ98z2EtQY1IdcJKavDgSkt2rNM=
-113,-187,JI5T4ezMU6ig/92R4gHsKWjmHxs=,qQ98z2EtQY1IdcJKavDgSkt2rNM=
-116,-182,JI5T4ezMU6ig/92R4gHsKWjmHxs=,qQ98z2EtQY1IdcJKavDgSkt2rNM=
-115,-187,JI5T4ezMU6ig/92R4gHsKWjmHxs=,qQ98z2EtQY1IdcJKavDgSkt2rNM=
-116,-187,JI5T4ezMU6ig/92R4gHsKWjmHxs=,qQ98z2EtQY1IdcJKavDgSkt2rNM=
-117,-187,JI5T4ezMU6ig/92R4gHsKWjmHxs=,qQ98z2EtQY1IdcJKavDgSkt2rNM=
-118,-187,JI5T4ezMU6ig/92R4gHsKWjmHxs=,qQ98z2EtQY1IdcJKavDgSkt2rNM=
-119,-187,JI5T4ezMU6ig/92R4gHsKWjmHxs=,qQ98z2EtQY1IdcJKavDgSkt2rNM=
-117,-182,JI5T4ezMU6ig/92R4gHsKWjmHxs=,qQ98z2EtQY1IdcJKavDgSkt2rNM=
-121,-187,JI5T4ezMU6ig/92R4gHsKWjmHxs=,qQ98z2EtQY1IdcJKavDgSkt2rNM=
-122,-187,JI5T4ezMU6ig/92R4gHsKWjmHxs=,qQ98z2EtQY1IdcJKavDgSkt2rNM=
-120,-190,JI5T4ezMU6ig/92R4gHsKWjmHxs=,qQ98z2EtQY1IdcJKavDgSkt2rNM=
-121,-192,JI5T4ezMU6ig/92R4gHsKWjmHxs=,qQ98z2EtQY1IdcJKavDgSkt2rNM=
-125,-190,JI5T4ezMU6ig/92R4gHsKWjmHxs=,qQ98z2EtQY1IdcJKavDgSkt2rNM=
-122,-182,JI5T4ezMU6ig/92R4gHsKWjmHxs=,qQ98z2EtQY1IdcJKavDgSkt2rNM=
-126,-182,JI5T4ezMU6ig/92R4gHsKWjmHxs=,qQ98z2EtQY1IdcJKavDgSkt2rNM=
-126,-187,JI5T4ezMU6ig/92R4gHsKWjmHxs=,qQ98z2EtQY1IdcJKavDgSkt2rNM=
-116,-183,JI5T4ezMU6ig/92R4gHsKWjmHxs=,qQ98z2EtQY1IdcJKavDgSkt2rNM=
-128,-187,JI5T4ezMU6ig/92R4gHsKWjmHxs=,qQ98z2EtQY1IdcJKavDgSkt2rNM=
-121,-190,JI5T4ezMU6ig/92R4gHsKWjmHxs=,qQ98z2EtQY1IdcJKavDgSkt2rNM=
-113,-188,JI5T4ezMU6ig/92R4gHsKWjmHxs=,qQ98z2EtQY1IdcJKavDgSkt2rNM=
-114,-188,JI5T4ezMU6ig/92R4gHsKWjmHxs=,qQ98z2EtQY1IdcJKavDgSkt2rNM=
-122,-192,JI5T4ezMU6ig/92R4gHsKWjmHxs=,qQ98z2EtQY1IdcJKavDgSkt2rNM=
-115,-188,JI5T4ezMU6ig/92R4gHsKWjmHxs=,qQ98z2EtQY1IdcJKavDgSkt2rNM=
-117,-188,JI5T4ezMU6ig/92R4gHsKWjmHxs=,qQ98z2EtQY1IdcJKavDgSkt2rNM=
-126,-183,JI5T4ezMU6ig/92R4gHsKWjmHxs=,qQ98z2EtQY1IdcJKavDgSkt2rNM=
-119,-188,JI5T4ezMU6ig/92R4gHsKWjmHxs=,qQ98z2EtQY1IdcJKavDgSkt2rNM=
-120,-188,JI5T4ezMU6ig/92R4gHsKWjmHxs=,qQ98z2EtQY1IdcJKavDgSkt2rNM=
-128,-184,JI5T4ezMU6ig/92R4gHsKWjmHxs=,qQ98z2EtQY1IdcJKavDgSkt2rNM=
-125,-184,JI5T4ezMU6ig/92R4gHsKWjmHxs=,qQ98z2EtQY1IdcJKavDgSkt2rNM=
-123,-188,JI5T4ezMU6ig/92R4gHsKWjmHxs=,qQ98z2EtQY1IdcJKavDgSkt2rNM=
-119,-192,JI5T4ezMU6ig/92R4gHsKWjmHxs=,qQ98z2EtQY1IdcJKavDgSkt2rNM=
-114,-187,JI5T4ezMU6ig/92R4gHsKWjmHxs=,qQ98z2EtQY1IdcJKavDgSkt2rNM=
-126,-186,JI5T4ezMU6ig/92R4gHsKWjmHxs=,qQ98z2EtQY1IdcJKavDgSkt2rNM=
-126,-190,JI5T4ezMU6ig/92R4gHsKWjmHxs=,qQ98z2EtQY1IdcJKavDgSkt2rNM=
-120,-187,JI5T4ezMU6ig/92R4gHsKWjmHxs=,qQ98z2EtQY1IdcJKavDgSkt2rNM=
-126,-188,JI5T4ezMU6ig/92R4gHsKWjmHxs=,qQ98z2EtQY1IdcJKavDgSkt2rNM=
-125,-188,JI5T4ezMU6ig/92R4gHsKWjmHxs=,qQ98z2EtQY1IdcJKavDgSkt2rNM=
-123,-187,JI5T4ezMU6ig/92R4gHsKWjmHxs=,qQ98z2EtQY1IdcJKavDgSkt2rNM=
-124,-187,JI5T4ezMU6ig/92R4gHsKWjmHxs=,qQ98z2EtQY1IdcJKavDgSkt2rNM=
-113,-189,JI5T4ezMU6ig/92R4gHsKWjmHxs=,qQ98z2EtQY1IdcJKavDgSkt2rNM=
-127,-190,JI5T4ezMU6ig/92R4gHsKWjmHxs=,qQ98z2EtQY1IdcJKavDgSkt2rNM=
-115,-189,JI5T4ezMU6ig/92R4gHsKWjmHxs=,qQ98z2EtQY1IdcJKavDgSkt2rNM=
-116,-189,JI5T4ezMU6ig/92R4gHsKWjmHxs=,qQ98z2EtQY1IdcJKavDgSkt2rNM=
-114,-189,JI5T4ezMU6ig/92R4gHsKWjmHxs=,qQ98z2EtQY1IdcJKavDgSkt2rNM=
-118,-189,JI5T4ezMU6ig/92R4gHsKWjmHxs=,qQ98z2EtQY1IdcJKavDgSkt2rNM=
-127,-187,JI5T4ezMU6ig/92R4gHsKWjmHxs=,qQ98z2EtQY1IdcJKavDgSkt2rNM=
-125,-187,JI5T4ezMU6ig/92R4gHsKWjmHxs=,qQ98z2EtQY1IdcJKavDgSkt2rNM=
-120,-189,JI5T4ezMU6ig/92R4gHsKWjmHxs=,qQ98z2EtQY1IdcJKavDgSkt2rNM=
-116,-188,JI5T4ezMU6ig/92R4gHsKWjmHxs=,qQ98z2EtQY1IdcJKavDgSkt2rNM=
-123,-189,JI5T4ezMU6ig/92R4gHsKWjmHxs=,qQ98z2EtQY1IdcJKavDgSkt2rNM=
-122,-189,JI5T4ezMU6ig/92R4gHsKWjmHxs=,qQ98z2EtQY1IdcJKavDgSkt2rNM=
-124,-192,JI5T4ezMU6ig/92R4gHsKWjmHxs=,qQ98z2EtQY1IdcJKavDgSkt2rNM=
-118,-188,JI5T4ezMU6ig/92R4gHsKWjmHxs=,qQ98z2EtQY1IdcJKavDgSkt2rNM=
-122,-188,JI5T4ezMU6ig/92R4gHsKWjmHxs=,qQ98z2EtQY1IdcJKavDgSkt2rNM=
-126,-189,JI5T4ezMU6ig/92R4gHsKWjmHxs=,qQ98z2EtQY1IdcJKavDgSkt2rNM=
-127,-189,JI5T4ezMU6ig/92R4gHsKWjmHxs=,qQ98z2EtQY1IdcJKavDgSkt2rNM=
-123,-192,JI5T4ezMU6ig/92R4gHsKWjmHxs=,qQ98z2EtQY1IdcJKavDgSkt2rNM=
-113,-190,JI5T4ezMU6ig/92R4gHsKWjmHxs=,qQ98z2EtQY1IdcJKavDgSkt2rNM=
-128,-192,JI5T4ezMU6ig/92R4gHsKWjmHxs=,qQ98z2EtQY1IdcJKavDgSkt2rNM=
-124,-188,JI5T4ezMU6ig/92R4gHsKWjmHxs=,qQ98z2EtQY1IdcJKavDgSkt2rNM=
-128,-188,JI5T4ezMU6ig/92R4gHsKWjmHxs=,qQ98z2EtQY1IdcJKavDgSkt2rNM=
-127,-188,JI5T4ezMU6ig/92R4gHsKWjmHxs=,qQ98z2EtQY1IdcJKavDgSkt2rNM=
-119,-189,JI5T4ezMU6ig/92R4gHsKWjmHxs=,qQ98z2EtQY1IdcJKavDgSkt2rNM=
-117,-189,JI5T4ezMU6ig/92R4gHsKWjmHxs=,qQ98z2EtQY1IdcJKavDgSkt2rNM=
-121,-189,JI5T4ezMU6ig/92R4gHsKWjmHxs=,qQ98z2EtQY1IdcJKavDgSkt2rNM=
-124,-189,JI5T4ezMU6ig/92R4gHsKWjmHxs=,qQ98z2EtQY1IdcJKavDgSkt2rNM=
-128,-190,JI5T4ezMU6ig/92R4gHsKWjmHxs=,qQ98z2EtQY1IdcJKavDgSkt2rNM=
-125,-189,JI5T4ezMU6ig/92R4gHsKWjmHxs=,qQ98z2EtQY1IdcJKavDgSkt2rNM=
-121,-188,JI5T4ezMU6ig/92R4gHsKWjmHxs=,qQ98z2EtQY1IdcJKavDgSkt2rNM=
-128,-189,JI5T4ezMU6ig/92R4gHsKWjmHxs=,qQ98z2EtQY1IdcJKavDgSkt2rNM=
-116,-173,XTSbpx2vv9hLucNNvHTlnoI/HlM=,tRyyY8DjweX+PIR6tJUfgTZKvqY=
-125,-176,XTSbpx2vv9hLucNNvHTlnoI/HlM=,tRyyY8DjweX+PIR6tJUfgTZKvqY=
-113,-175,XTSbpx2vv9hLucNNvHTlnoI/HlM=,tRyyY8DjweX+PIR6tJUfgTZKvqY=
-113,-161,XTSbpx2vv9hLucNNvHTlnoI/HlM=,tRyyY8DjweX+PIR6tJUfgTZKvqY=
-115,-174,XTSbpx2vv9hLucNNvHTlnoI/HlM=,tRyyY8DjweX+PIR6tJUfgTZKvqY=
-116,-174,XTSbpx2vv9hLucNNvHTlnoI/HlM=,tRyyY8DjweX+PIR6tJUfgTZKvqY=
-117,-174,XTSbpx2vv9hLucNNvHTlnoI/HlM=,tRyyY8DjweX+PIR6tJUfgTZKvqY=
-118,-174,XTSbpx2vv9hLucNNvHTlnoI/HlM=,tRyyY8DjweX+PIR6tJUfgTZKvqY=
-119,-174,XTSbpx2vv9hLucNNvHTlnoI/HlM=,tRyyY8DjweX+PIR6tJUfgTZKvqY=
-120,-174,XTSbpx2vv9hLucNNvHTlnoI/HlM=,tRyyY8DjweX+PIR6tJUfgTZKvqY=
-121,-174,XTSbpx2vv9hLucNNvHTlnoI/HlM=,tRyyY8DjweX+PIR6tJUfgTZKvqY=
-122,-174,XTSbpx2vv9hLucNNvHTlnoI/HlM=,tRyyY8DjweX+PIR6tJUfgTZKvqY=
-123,-174,XTSbpx2vv9hLucNNvHTlnoI/HlM=,tRyyY8DjweX+PIR6tJUfgTZKvqY=
-124,-174,XTSbpx2vv9hLucNNvHTlnoI/HlM=,tRyyY8DjweX+PIR6tJUfgTZKvqY=
-125,-174,XTSbpx2vv9hLucNNvHTlnoI/HlM=,tRyyY8DjweX+PIR6tJUfgTZKvqY=
-126,-174,XTSbpx2vv9hLucNNvHTlnoI/HlM=,tRyyY8DjweX+PIR6tJUfgTZKvqY=
-127,-174,XTSbpx2vv9hLucNNvHTlnoI/HlM=,tRyyY8DjweX+PIR6tJUfgTZKvqY=
-114,-161,XTSbpx2vv9hLucNNvHTlnoI/HlM=,tRyyY8DjweX+PIR6tJUfgTZKvqY=
-117,-173,XTSbpx2vv9hLucNNvHTlnoI/HlM=,tRyyY8DjweX+PIR6tJUfgTZKvqY=
-128,-174,XTSbpx2vv9hLucNNvHTlnoI/HlM=,tRyyY8DjweX+PIR6tJUfgTZKvqY=
-115,-161,XTSbpx2vv9hLucNNvHTlnoI/HlM=,tRyyY8DjweX+PIR6tJUfgTZKvqY=
-116,-161,XTSbpx2vv9hLucNNvHTlnoI/HlM=,tRyyY8DjweX+PIR6tJUfgTZKvqY=
-117,-161,XTSbpx2vv9hLucNNvHTlnoI/HlM=,tRyyY8DjweX+PIR6tJUfgTZKvqY=
-118,-161,XTSbpx2vv9hLucNNvHTlnoI/HlM=,tRyyY8DjweX+PIR6tJUfgTZKvqY=
-119,-161,XTSbpx2vv9hLucNNvHTlnoI/HlM=,tRyyY8DjweX+PIR6tJUfgTZKvqY=
-120,-161,XTSbpx2vv9hLucNNvHTlnoI/HlM=,tRyyY8DjweX+PIR6tJUfgTZKvqY=
-121,-161,XTSbpx2vv9hLucNNvHTlnoI/HlM=,tRyyY8DjweX+PIR6tJUfgTZKvqY=
-122,-161,XTSbpx2vv9hLucNNvHTlnoI/HlM=,tRyyY8DjweX+PIR6tJUfgTZKvqY=
-123,-161,XTSbpx2vv9hLucNNvHTlnoI/HlM=,tRyyY8DjweX+PIR6tJUfgTZKvqY=
-124,-161,XTSbpx2vv9hLucNNvHTlnoI/HlM=,tRyyY8DjweX+PIR6tJUfgTZKvqY=
-125,-161,XTSbpx2vv9hLucNNvHTlnoI/HlM=,tRyyY8DjweX+PIR6tJUfgTZKvqY=
-126,-161,XTSbpx2vv9hLucNNvHTlnoI/HlM=,tRyyY8DjweX+PIR6tJUfgTZKvqY=
-127,-161,XTSbpx2vv9hLucNNvHTlnoI/HlM=,tRyyY8DjweX+PIR6tJUfgTZKvqY=
-118,-173,XTSbpx2vv9hLucNNvHTlnoI/HlM=,tRyyY8DjweX+PIR6tJUfgTZKvqY=
-114,-175,XTSbpx2vv9hLucNNvHTlnoI/HlM=,tRyyY8DjweX+PIR6tJUfgTZKvqY=
-128,-161,XTSbpx2vv9hLucNNvHTlnoI/HlM=,tRyyY8DjweX+PIR6tJUfgTZKvqY=
-113,-162,XTSbpx2vv9hLucNNvHTlnoI/HlM=,tRyyY8DjweX+PIR6tJUfgTZKvqY=
-115,-162,XTSbpx2vv9hLucNNvHTlnoI/HlM=,tRyyY8DjweX+PIR6tJUfgTZKvqY=
-116,-162,XTSbpx2vv9hLucNNvHTlnoI/HlM=,tRyyY8DjweX+PIR6tJUfgTZKvqY=
-117,-162,XTSbpx2vv9hLucNNvHTlnoI/HlM=,tRyyY8DjweX+PIR6tJUfgTZKvqY=
-118,-162,XTSbpx2vv9hLucNNvHTlnoI/HlM=,tRyyY8DjweX+PIR6tJUfgTZKvqY=
-119,-162,XTSbpx2vv9hLucNNvHTlnoI/HlM=,tRyyY8DjweX+PIR6tJUfgTZKvqY=
-120,-162,XTSbpx2vv9hLucNNvHTlnoI/HlM=,tRyyY8DjweX+PIR6tJUfgTZKvqY=
-121,-162,XTSbpx2vv9hLucNNvHTlnoI/HlM=,tRyyY8DjweX+PIR6tJUfgTZKvqY=
-122,-162,XTSbpx2vv9hLucNNvHTlnoI/HlM=,tRyyY8DjweX+PIR6tJUfgTZKvqY=
-123,-162,XTSbpx2vv9hLucNNvHTlnoI/HlM=,tRyyY8DjweX+PIR6tJUfgTZKvqY=
-124,-162,XTSbpx2vv9hLucNNvHTlnoI/HlM=,tRyyY8DjweX+PIR6tJUfgTZKvqY=
-125,-162,XTSbpx2vv9hLucNNvHTlnoI/HlM=,tRyyY8DjweX+PIR6tJUfgTZKvqY=
-126,-162,XTSbpx2vv9hLucNNvHTlnoI/HlM=,tRyyY8DjweX+PIR6tJUfgTZKvqY=
-126,-176,XTSbpx2vv9hLucNNvHTlnoI/HlM=,tRyyY8DjweX+PIR6tJUfgTZKvqY=
-119,-173,XTSbpx2vv9hLucNNvHTlnoI/HlM=,tRyyY8DjweX+PIR6tJUfgTZKvqY=
-127,-162,XTSbpx2vv9hLucNNvHTlnoI/HlM=,tRyyY8DjweX+PIR6tJUfgTZKvqY=
-128,-175,XTSbpx2vv9hLucNNvHTlnoI/HlM=,tRyyY8DjweX+PIR6tJUfgTZKvqY=
-127,-176,XTSbpx2vv9hLucNNvHTlnoI/HlM=,tRyyY8DjweX+PIR6tJUfgTZKvqY=
-128,-162,XTSbpx2vv9hLucNNvHTlnoI/HlM=,tRyyY8DjweX+PIR6tJUfgTZKvqY=
-113,-163,XTSbpx2vv9hLucNNvHTlnoI/HlM=,tRyyY8DjweX+PIR6tJUfgTZKvqY=
-114,-163,XTSbpx2vv9hLucNNvHTlnoI/HlM=,tRyyY8DjweX+PIR6tJUfgTZKvqY=
-115,-163,XTSbpx2vv9hLucNNvHTlnoI/HlM=,tRyyY8DjweX+PIR6tJUfgTZKvqY=
-116,-163,XTSbpx2vv9hLucNNvHTlnoI/HlM=,tRyyY8DjweX+PIR6tJUfgTZKvqY=
-117,-163,XTSbpx2vv9hLucNNvHTlnoI/HlM=,tRyyY8DjweX+PIR6tJUfgTZKvqY=
-118,-163,XTSbpx2vv9hLucNNvHTlnoI/HlM=,tRyyY8DjweX+PIR6tJUfgTZKvqY=
-119,-163,XTSbpx2vv9hLucNNvHTlnoI/HlM=,tRyyY8DjweX+PIR6tJUfgTZKvqY=
-120,-163,XTSbpx2vv9hLucNNvHTlnoI/HlM=,tRyyY8DjweX+PIR6tJUfgTZKvqY=
-121,-163,XTSbpx2vv9hLucNNvHTlnoI/HlM=,tRyyY8DjweX+PIR6tJUfgTZKvqY=
-122,-163,XTSbpx2vv9hLucNNvHTlnoI/HlM=,tRyyY8DjweX+PIR6tJUfgTZKvqY=
-123,-163,XTSbpx2vv9hLucNNvHTlnoI/HlM=,tRyyY8DjweX+PIR6tJUfgTZKvqY=
-124,-163,XTSbpx2vv9hLucNNvHTlnoI/HlM=,tRyyY8DjweX+PIR6tJUfgTZKvqY=
-125,-163,XTSbpx2vv9hLucNNvHTlnoI/HlM=,tRyyY8DjweX+PIR6tJUfgTZKvqY=
-115,-175,XTSbpx2vv9hLucNNvHTlnoI/HlM=,tRyyY8DjweX+PIR6tJUfgTZKvqY=
-113,-176,XTSbpx2vv9hLucNNvHTlnoI/HlM=,tRyyY8DjweX+PIR6tJUfgTZKvqY=
-120,-173,XTSbpx2vv9hLucNNvHTlnoI/HlM=,tRyyY8DjweX+PIR6tJUfgTZKvqY=
-126,-163,XTSbpx2vv9hLucNNvHTlnoI/HlM=,tRyyY8DjweX+PIR6tJUfgTZKvqY=
-127,-163,XTSbpx2vv9hLucNNvHTlnoI/HlM=,tRyyY8DjweX+PIR6tJUfgTZKvqY=
-128,-163,XTSbpx2vv9hLucNNvHTlnoI/HlM=,tRyyY8DjweX+PIR6tJUfgTZKvqY=
-116,-175,XTSbpx2vv9hLucNNvHTlnoI/HlM=,tRyyY8DjweX+PIR6tJUfgTZKvqY=
-113,-164,XTSbpx2vv9hLucNNvHTlnoI/HlM=,tRyyY8DjweX+PIR6tJUfgTZKvqY=
-114,-164,XTSbpx2vv9hLucNNvHTlnoI/HlM=,tRyyY8DjweX+PIR6tJUfgTZKvqY=
-115,-164,XTSbpx2vv9hLucNNvHTlnoI/HlM=,tRyyY8DjweX+PIR6tJUfgTZKvqY=
-116,-164,XTSbpx2vv9hLucNNvHTlnoI/HlM=,tRyyY8DjweX+PIR6tJUfgTZKvqY=
-118,-164,XTSbpx2vv9hLucNNvHTlnoI/HlM=,tRyyY8DjweX+PIR6tJUfgTZKvqY=
-119,-164,XTSbpx2vv9hLucNNvHTlnoI/HlM=,tRyyY8DjweX+PIR6tJUfgTZKvqY=
-120,-164,XTSbpx2vv9hLucNNvHTlnoI/HlM=,tRyyY8DjweX+PIR6tJUfgTZKvqY=
-121,-164,XTSbpx2vv9hLucNNvHTlnoI/HlM=,tRyyY8DjweX+PIR6tJUfgTZKvqY=
-122,-164,XTSbpx2vv9hLucNNvHTlnoI/HlM=,tRyyY8DjweX+PIR6tJUfgTZKvqY=
-123,-164,XTSbpx2vv9hLucNNvHTlnoI/HlM=,tRyyY8DjweX+PIR6tJUfgTZKvqY=
-124,-164,XTSbpx2vv9hLucNNvHTlnoI/HlM=,tRyyY8DjweX+PIR6tJUfgTZKvqY=
-114,-176,XTSbpx2vv9hLucNNvHTlnoI/HlM=,tRyyY8DjweX+PIR6tJUfgTZKvqY=
-121,-173,XTSbpx2vv9hLucNNvHTlnoI/HlM=,tRyyY8DjweX+PIR6tJUfgTZKvqY=
-125,-164,XTSbpx2vv9hLucNNvHTlnoI/HlM=,tRyyY8DjweX+PIR6tJUfgTZKvqY=
-126,-164,XTSbpx2vv9hLucNNvHTlnoI/HlM=,tRyyY8DjweX+PIR6tJUfgTZKvqY=
-117,-175,XTSbpx2vv9hLucNNvHTlnoI/HlM=,tRyyY8DjweX+PIR6tJUfgTZKvqY=
-113,-165,XTSbpx2vv9hLucNNvHTlnoI/HlM=,tRyyY8DjweX+PIR6tJUfgTZKvqY=
-114,-165,XTSbpx2vv9hLucNNvHTlnoI/HlM=,tRyyY8DjweX+PIR6tJUfgTZKvqY=
-128,-164,XTSbpx2vv9hLucNNvHTlnoI/HlM=,tRyyY8DjweX+PIR6tJUfgTZKvqY=
-116,-165,XTSbpx2vv9hLucNNvHTlnoI/HlM=,tRyyY8DjweX+PIR6tJUfgTZKvqY=
-117,-165,XTSbpx2vv9hLucNNvHTlnoI/HlM=,tRyyY8DjweX+PIR6tJUfgTZKvqY=
-115,-165,XTSbpx2vv9hLucNNvHTlnoI/HlM=,tRyyY8DjweX+PIR6tJUfgTZKvqY=
-119,-165,XTSbpx2vv9hLucNNvHTlnoI/HlM=,tRyyY8DjweX+PIR6tJUfgTZKvqY=
-120,-165,XTSbpx2vv9hLucNNvHTlnoI/HlM=,tRyyY8DjweX+PIR6tJUfgTZKvqY=
-121,-165,XTSbpx2vv9hLucNNvHTlnoI/HlM=,tRyyY8DjweX+PIR6tJUfgTZKvqY=
-122,-165,XTSbpx2vv9hLucNNvHTlnoI/HlM=,tRyyY8DjweX+PIR6tJUfgTZKvqY=
-123,-165,XTSbpx2vv9hLucNNvHTlnoI/HlM=,tRyyY8DjweX+PIR6tJUfgTZKvqY=
-115,-176,XTSbpx2vv9hLucNNvHTlnoI/HlM=,tRyyY8DjweX+PIR6tJUfgTZKvqY=
-122,-173,XTSbpx2vv9hLucNNvHTlnoI/HlM=,tRyyY8DjweX+PIR6tJUfgTZKvqY=
-114,-162,XTSbpx2vv9hLucNNvHTlnoI/HlM=,tRyyY8DjweX+PIR6tJUfgTZKvqY=
-125,-165,XTSbpx2vv9hLucNNvHTlnoI/HlM=,tRyyY8DjweX+PIR6tJUfgTZKvqY=
-126,-165,XTSbpx2vv9hLucNNvHTlnoI/HlM=,tRyyY8DjweX+PIR6tJUfgTZKvqY=
-127,-165,XTSbpx2vv9hLucNNvHTlnoI/HlM=,tRyyY8DjweX+PIR6tJUfgTZKvqY=
-128,-165,XTSbpx2vv9hLucNNvHTlnoI/HlM=,tRyyY8DjweX+PIR6tJUfgTZKvqY=
-118,-175,XTSbpx2vv9hLucNNvHTlnoI/HlM=,tRyyY8DjweX+PIR6tJUfgTZKvqY=
-113,-166,XTSbpx2vv9hLucNNvHTlnoI/HlM=,tRyyY8DjweX+PIR6tJUfgTZKvqY=
-118,-165,XTSbpx2vv9hLucNNvHTlnoI/HlM=,tRyyY8DjweX+PIR6tJUfgTZKvqY=
-114,-166,XTSbpx2vv9hLucNNvHTlnoI/HlM=,tRyyY8DjweX+PIR6tJUfgTZKvqY=
-115,-166,XTSbpx2vv9hLucNNvHTlnoI/HlM=,tRyyY8DjweX+PIR6tJUfgTZKvqY=
-116,-166,XTSbpx2vv9hLucNNvHTlnoI/HlM=,tRyyY8DjweX+PIR6tJUfgTZKvqY=
-117,-166,XTSbpx2vv9hLucNNvHTlnoI/HlM=,tRyyY8DjweX+PIR6tJUfgTZKvqY=
-118,-166,XTSbpx2vv9hLucNNvHTlnoI/HlM=,tRyyY8DjweX+PIR6tJUfgTZKvqY=
-119,-166,XTSbpx2vv9hLucNNvHTlnoI/HlM=,tRyyY8DjweX+PIR6tJUfgTZKvqY=
-120,-166,XTSbpx2vv9hLucNNvHTlnoI/HlM=,tRyyY8DjweX+PIR6tJUfgTZKvqY=
-121,-166,XTSbpx2vv9hLucNNvHTlnoI/HlM=,tRyyY8DjweX+PIR6tJUfgTZKvqY=
-122,-166,XTSbpx2vv9hLucNNvHTlnoI/HlM=,tRyyY8DjweX+PIR6tJUfgTZKvqY=
-116,-176,XTSbpx2vv9hLucNNvHTlnoI/HlM=,tRyyY8DjweX+PIR6tJUfgTZKvqY=
-123,-173,XTSbpx2vv9hLucNNvHTlnoI/HlM=,tRyyY8DjweX+PIR6tJUfgTZKvqY=
-124,-166,XTSbpx2vv9hLucNNvHTlnoI/HlM=,tRyyY8DjweX+PIR6tJUfgTZKvqY=
-125,-166,XTSbpx2vv9hLucNNvHTlnoI/HlM=,tRyyY8DjweX+PIR6tJUfgTZKvqY=
-123,-166,XTSbpx2vv9hLucNNvHTlnoI/HlM=,tRyyY8DjweX+PIR6tJUfgTZKvqY=
-127,-166,XTSbpx2vv9hLucNNvHTlnoI/HlM=,tRyyY8DjweX+PIR6tJUfgTZKvqY=
-119,-175,XTSbpx2vv9hLucNNvHTlnoI/HlM=,tRyyY8DjweX+PIR6tJUfgTZKvqY=
-114,-167,XTSbpx2vv9hLucNNvHTlnoI/HlM=,tRyyY8DjweX+PIR6tJUfgTZKvqY=
-115,-167,XTSbpx2vv9hLucNNvHTlnoI/HlM=,tRyyY8DjweX+PIR6tJUfgTZKvqY=
-116,-167,XTSbpx2vv9hLucNNvHTlnoI/HlM=,tRyyY8DjweX+PIR6tJUfgTZKvqY=
-113,-167,XTSbpx2vv9hLucNNvHTlnoI/HlM=,tRyyY8DjweX+PIR6tJUfgTZKvqY=
-117,-167,XTSbpx2vv9hLucNNvHTlnoI/HlM=,tRyyY8DjweX+PIR6tJUfgTZKvqY=
-118,-167,XTSbpx2vv9hLucNNvHTlnoI/HlM=,tRyyY8DjweX+PIR6tJUfgTZKvqY=
-120,-167,XTSbpx2vv9hLucNNvHTlnoI/HlM=,tRyyY8DjweX+PIR6tJUfgTZKvqY=
-121,-167,XTSbpx2vv9hLucNNvHTlnoI/HlM=,tRyyY8DjweX+PIR6tJUfgTZKvqY=
-117,-176,XTSbpx2vv9hLucNNvHTlnoI/HlM=,tRyyY8DjweX+PIR6tJUfgTZKvqY=
-124,-173,XTSbpx2vv9hLucNNvHTlnoI/HlM=,tRyyY8DjweX+PIR6tJUfgTZKvqY=
-122,-167,XTSbpx2vv9hLucNNvHTlnoI/HlM=,tRyyY8DjweX+PIR6tJUfgTZKvqY=
-123,-167,XTSbpx2vv9hLucNNvHTlnoI/HlM=,tRyyY8DjweX+PIR6tJUfgTZKvqY=
-124,-167,XTSbpx2vv9hLucNNvHTlnoI/HlM=,tRyyY8DjweX+PIR6tJUfgTZKvqY=
-125,-167,XTSbpx2vv9hLucNNvHTlnoI/HlM=,tRyyY8DjweX+PIR6tJUfgTZKvqY=
-119,-167,XTSbpx2vv9hLucNNvHTlnoI/HlM=,tRyyY8DjweX+PIR6tJUfgTZKvqY=
-127,-167,XTSbpx2vv9hLucNNvHTlnoI/HlM=,tRyyY8DjweX+PIR6tJUfgTZKvqY=
-120,-175,XTSbpx2vv9hLucNNvHTlnoI/HlM=,tRyyY8DjweX+PIR6tJUfgTZKvqY=
-128,-167,XTSbpx2vv9hLucNNvHTlnoI/HlM=,tRyyY8DjweX+PIR6tJUfgTZKvqY=
-113,-168,XTSbpx2vv9hLucNNvHTlnoI/HlM=,tRyyY8DjweX+PIR6tJUfgTZKvqY=
-114,-168,XTSbpx2vv9hLucNNvHTlnoI/HlM=,tRyyY8DjweX+PIR6tJUfgTZKvqY=
-115,-168,XTSbpx2vv9hLucNNvHTlnoI/HlM=,tRyyY8DjweX+PIR6tJUfgTZKvqY=
-116,-168,XTSbpx2vv9hLucNNvHTlnoI/HlM=,tRyyY8DjweX+PIR6tJUfgTZKvqY=
-117,-168,XTSbpx2vv9hLucNNvHTlnoI/HlM=,tRyyY8DjweX+PIR6tJUfgTZKvqY=
-118,-168,XTSbpx2vv9hLucNNvHTlnoI/HlM=,tRyyY8DjweX+PIR6tJUfgTZKvqY=
-126,-167,XTSbpx2vv9hLucNNvHTlnoI/HlM=,tRyyY8DjweX+PIR6tJUfgTZKvqY=
-119,-168,XTSbpx2vv9hLucNNvHTlnoI/HlM=,tRyyY8DjweX+PIR6tJUfgTZKvqY=
-118,-176,XTSbpx2vv9hLucNNvHTlnoI/HlM=,tRyyY8DjweX+PIR6tJUfgTZKvqY=
-125,-173,XTSbpx2vv9hLucNNvHTlnoI/HlM=,tRyyY8DjweX+PIR6tJUfgTZKvqY=
-121,-168,XTSbpx2vv9hLucNNvHTlnoI/HlM=,tRyyY8DjweX+PIR6tJUfgTZKvqY=
-122,-168,XTSbpx2vv9hLucNNvHTlnoI/HlM=,tRyyY8DjweX+PIR6tJUfgTZKvqY=
-123,-168,XTSbpx2vv9hLucNNvHTlnoI/HlM=,tRyyY8DjweX+PIR6tJUfgTZKvqY=
-124,-168,XTSbpx2vv9hLucNNvHTlnoI/HlM=,tRyyY8DjweX+PIR6tJUfgTZKvqY=
-125,-168,XTSbpx2vv9hLucNNvHTlnoI/HlM=,tRyyY8DjweX+PIR6tJUfgTZKvqY=
-126,-168,XTSbpx2vv9hLucNNvHTlnoI/HlM=,tRyyY8DjweX+PIR6tJUfgTZKvqY=
-127,-168,XTSbpx2vv9hLucNNvHTlnoI/HlM=,tRyyY8DjweX+PIR6tJUfgTZKvqY=
-128,-168,XTSbpx2vv9hLucNNvHTlnoI/HlM=,tRyyY8DjweX+PIR6tJUfgTZKvqY=
-113,-169,XTSbpx2vv9hLucNNvHTlnoI/HlM=,tRyyY8DjweX+PIR6tJUfgTZKvqY=
-114,-169,XTSbpx2vv9hLucNNvHTlnoI/HlM=,tRyyY8DjweX+PIR6tJUfgTZKvqY=
-115,-169,XTSbpx2vv9hLucNNvHTlnoI/HlM=,tRyyY8DjweX+PIR6tJUfgTZKvqY=
-116,-169,XTSbpx2vv9hLucNNvHTlnoI/HlM=,tRyyY8DjweX+PIR6tJUfgTZKvqY=
-117,-169,XTSbpx2vv9hLucNNvHTlnoI/HlM=,tRyyY8DjweX+PIR6tJUfgTZKvqY=
-118,-169,XTSbpx2vv9hLucNNvHTlnoI/HlM=,tRyyY8DjweX+PIR6tJUfgTZKvqY=
-119,-169,XTSbpx2vv9hLucNNvHTlnoI/HlM=,tRyyY8DjweX+PIR6tJUfgTZKvqY=
-119,-176,XTSbpx2vv9hLucNNvHTlnoI/HlM=,tRyyY8DjweX+PIR6tJUfgTZKvqY=
-126,-173,XTSbpx2vv9hLucNNvHTlnoI/HlM=,tRyyY8DjweX+PIR6tJUfgTZKvqY=
-120,-169,XTSbpx2vv9hLucNNvHTlnoI/HlM=,tRyyY8DjweX+PIR6tJUfgTZKvqY=
-121,-169,XTSbpx2vv9hLucNNvHTlnoI/HlM=,tRyyY8DjweX+PIR6tJUfgTZKvqY=
-122,-169,XTSbpx2vv9hLucNNvHTlnoI/HlM=,tRyyY8DjweX+PIR6tJUfgTZKvqY=
-123,-169,XTSbpx2vv9hLucNNvHTlnoI/HlM=,tRyyY8DjweX+PIR6tJUfgTZKvqY=
-124,-169,XTSbpx2vv9hLucNNvHTlnoI/HlM=,tRyyY8DjweX+PIR6tJUfgTZKvqY=
-125,-169,XTSbpx2vv9hLucNNvHTlnoI/HlM=,tRyyY8DjweX+PIR6tJUfgTZKvqY=
-121,-175,XTSbpx2vv9hLucNNvHTlnoI/HlM=,tRyyY8DjweX+PIR6tJUfgTZKvqY=
-126,-169,XTSbpx2vv9hLucNNvHTlnoI/HlM=,tRyyY8DjweX+PIR6tJUfgTZKvqY=
-127,-169,XTSbpx2vv9hLucNNvHTlnoI/HlM=,tRyyY8DjweX+PIR6tJUfgTZKvqY=
-122,-175,XTSbpx2vv9hLucNNvHTlnoI/HlM=,tRyyY8DjweX+PIR6tJUfgTZKvqY=
-128,-169,XTSbpx2vv9hLucNNvHTlnoI/HlM=,tRyyY8DjweX+PIR6tJUfgTZKvqY=
-113,-170,XTSbpx2vv9hLucNNvHTlnoI/HlM=,tRyyY8DjweX+PIR6tJUfgTZKvqY=
-114,-170,XTSbpx2vv9hLucNNvHTlnoI/HlM=,tRyyY8DjweX+PIR6tJUfgTZKvqY=
-115,-170,XTSbpx2vv9hLucNNvHTlnoI/HlM=,tRyyY8DjweX+PIR6tJUfgTZKvqY=
-116,-170,XTSbpx2vv9hLucNNvHTlnoI/HlM=,tRyyY8DjweX+PIR6tJUfgTZKvqY=
-118,-170,XTSbpx2vv9hLucNNvHTlnoI/HlM=,tRyyY8DjweX+PIR6tJUfgTZKvqY=
-120,-176,XTSbpx2vv9hLucNNvHTlnoI/HlM=,tRyyY8DjweX+PIR6tJUfgTZKvqY=
-127,-173,XTSbpx2vv9hLucNNvHTlnoI/HlM=,tRyyY8DjweX+PIR6tJUfgTZKvqY=
-119,-170,XTSbpx2vv9hLucNNvHTlnoI/HlM=,tRyyY8DjweX+PIR6tJUfgTZKvqY=
-117,-170,XTSbpx2vv9hLucNNvHTlnoI/HlM=,tRyyY8DjweX+PIR6tJUfgTZKvqY=
-121,-170,XTSbpx2vv9hLucNNvHTlnoI/HlM=,tRyyY8DjweX+PIR6tJUfgTZKvqY=
-120,-170,XTSbpx2vv9hLucNNvHTlnoI/HlM=,tRyyY8DjweX+PIR6tJUfgTZKvqY=
-123,-170,XTSbpx2vv9hLucNNvHTlnoI/HlM=,tRyyY8DjweX+PIR6tJUfgTZKvqY=
-124,-170,XTSbpx2vv9hLucNNvHTlnoI/HlM=,tRyyY8DjweX+PIR6tJUfgTZKvqY=
-125,-170,XTSbpx2vv9hLucNNvHTlnoI/HlM=,tRyyY8DjweX+PIR6tJUfgTZKvqY=
-126,-170,XTSbpx2vv9hLucNNvHTlnoI/HlM=,tRyyY8DjweX+PIR6tJUfgTZKvqY=
-127,-175,XTSbpx2vv9hLucNNvHTlnoI/HlM=,tRyyY8DjweX+PIR6tJUfgTZKvqY=
-123,-175,XTSbpx2vv9hLucNNvHTlnoI/HlM=,tRyyY8DjweX+PIR6tJUfgTZKvqY=
-127,-170,XTSbpx2vv9hLucNNvHTlnoI/HlM=,tRyyY8DjweX+PIR6tJUfgTZKvqY=
-113,-171,XTSbpx2vv9hLucNNvHTlnoI/HlM=,tRyyY8DjweX+PIR6tJUfgTZKvqY=
-114,-171,XTSbpx2vv9hLucNNvHTlnoI/HlM=,tRyyY8DjweX+PIR6tJUfgTZKvqY=
-115,-171,XTSbpx2vv9hLucNNvHTlnoI/HlM=,tRyyY8DjweX+PIR6tJUfgTZKvqY=
-116,-171,XTSbpx2vv9hLucNNvHTlnoI/HlM=,tRyyY8DjweX+PIR6tJUfgTZKvqY=
-117,-171,XTSbpx2vv9hLucNNvHTlnoI/HlM=,tRyyY8DjweX+PIR6tJUfgTZKvqY=
-121,-176,XTSbpx2vv9hLucNNvHTlnoI/HlM=,tRyyY8DjweX+PIR6tJUfgTZKvqY=
-128,-173,XTSbpx2vv9hLucNNvHTlnoI/HlM=,tRyyY8DjweX+PIR6tJUfgTZKvqY=
-128,-170,XTSbpx2vv9hLucNNvHTlnoI/HlM=,tRyyY8DjweX+PIR6tJUfgTZKvqY=
-118,-171,XTSbpx2vv9hLucNNvHTlnoI/HlM=,tRyyY8DjweX+PIR6tJUfgTZKvqY=
-119,-171,XTSbpx2vv9hLucNNvHTlnoI/HlM=,tRyyY8DjweX+PIR6tJUfgTZKvqY=
-120,-171,XTSbpx2vv9hLucNNvHTlnoI/HlM=,tRyyY8DjweX+PIR6tJUfgTZKvqY=
-121,-171,XTSbpx2vv9hLucNNvHTlnoI/HlM=,tRyyY8DjweX+PIR6tJUfgTZKvqY=
-122,-171,XTSbpx2vv9hLucNNvHTlnoI/HlM=,tRyyY8DjweX+PIR6tJUfgTZKvqY=
-123,-171,XTSbpx2vv9hLucNNvHTlnoI/HlM=,tRyyY8DjweX+PIR6tJUfgTZKvqY=
-124,-171,XTSbpx2vv9hLucNNvHTlnoI/HlM=,tRyyY8DjweX+PIR6tJUfgTZKvqY=
-125,-171,XTSbpx2vv9hLucNNvHTlnoI/HlM=,tRyyY8DjweX+PIR6tJUfgTZKvqY=
-124,-175,XTSbpx2vv9hLucNNvHTlnoI/HlM=,tRyyY8DjweX+PIR6tJUfgTZKvqY=
-127,-171,XTSbpx2vv9hLucNNvHTlnoI/HlM=,tRyyY8DjweX+PIR6tJUfgTZKvqY=
-128,-171,XTSbpx2vv9hLucNNvHTlnoI/HlM=,tRyyY8DjweX+PIR6tJUfgTZKvqY=
-127,-164,XTSbpx2vv9hLucNNvHTlnoI/HlM=,tRyyY8DjweX+PIR6tJUfgTZKvqY=
-125,-175,XTSbpx2vv9hLucNNvHTlnoI/HlM=,tRyyY8DjweX+PIR6tJUfgTZKvqY=
-113,-172,XTSbpx2vv9hLucNNvHTlnoI/HlM=,tRyyY8DjweX+PIR6tJUfgTZKvqY=
-114,-172,XTSbpx2vv9hLucNNvHTlnoI/HlM=,tRyyY8DjweX+PIR6tJUfgTZKvqY=
-115,-172,XTSbpx2vv9hLucNNvHTlnoI/HlM=,tRyyY8DjweX+PIR6tJUfgTZKvqY=
-116,-172,XTSbpx2vv9hLucNNvHTlnoI/HlM=,tRyyY8DjweX+PIR6tJUfgTZKvqY=
-122,-176,XTSbpx2vv9hLucNNvHTlnoI/HlM=,tRyyY8DjweX+PIR6tJUfgTZKvqY=
-113,-174,XTSbpx2vv9hLucNNvHTlnoI/HlM=,tRyyY8DjweX+PIR6tJUfgTZKvqY=
-117,-172,XTSbpx2vv9hLucNNvHTlnoI/HlM=,tRyyY8DjweX+PIR6tJUfgTZKvqY=
-118,-172,XTSbpx2vv9hLucNNvHTlnoI/HlM=,tRyyY8DjweX+PIR6tJUfgTZKvqY=
-119,-172,XTSbpx2vv9hLucNNvHTlnoI/HlM=,tRyyY8DjweX+PIR6tJUfgTZKvqY=
-120,-172,XTSbpx2vv9hLucNNvHTlnoI/HlM=,tRyyY8DjweX+PIR6tJUfgTZKvqY=
-121,-172,XTSbpx2vv9hLucNNvHTlnoI/HlM=,tRyyY8DjweX+PIR6tJUfgTZKvqY=
-122,-170,XTSbpx2vv9hLucNNvHTlnoI/HlM=,tRyyY8DjweX+PIR6tJUfgTZKvqY=
-123,-172,XTSbpx2vv9hLucNNvHTlnoI/HlM=,tRyyY8DjweX+PIR6tJUfgTZKvqY=
-124,-172,XTSbpx2vv9hLucNNvHTlnoI/HlM=,tRyyY8DjweX+PIR6tJUfgTZKvqY=
-125,-172,XTSbpx2vv9hLucNNvHTlnoI/HlM=,tRyyY8DjweX+PIR6tJUfgTZKvqY=
-122,-172,XTSbpx2vv9hLucNNvHTlnoI/HlM=,tRyyY8DjweX+PIR6tJUfgTZKvqY=
-124,-165,XTSbpx2vv9hLucNNvHTlnoI/HlM=,tRyyY8DjweX+PIR6tJUfgTZKvqY=
-128,-172,XTSbpx2vv9hLucNNvHTlnoI/HlM=,tRyyY8DjweX+PIR6tJUfgTZKvqY=
-113,-173,XTSbpx2vv9hLucNNvHTlnoI/HlM=,tRyyY8DjweX+PIR6tJUfgTZKvqY=
-128,-176,XTSbpx2vv9hLucNNvHTlnoI/HlM=,tRyyY8DjweX+PIR6tJUfgTZKvqY=
-123,-176,XTSbpx2vv9hLucNNvHTlnoI/HlM=,tRyyY8DjweX+PIR6tJUfgTZKvqY=
-114,-173,XTSbpx2vv9hLucNNvHTlnoI/HlM=,tRyyY8DjweX+PIR6tJUfgTZKvqY=
-115,-173,XTSbpx2vv9hLucNNvHTlnoI/HlM=,tRyyY8DjweX+PIR6tJUfgTZKvqY=
-124,-176,XTSbpx2vv9hLucNNvHTlnoI/HlM=,tRyyY8DjweX+PIR6tJUfgTZKvqY=
-114,-174,XTSbpx2vv9hLucNNvHTlnoI/HlM=,tRyyY8DjweX+PIR6tJUfgTZKvqY=
-126,-171,XTSbpx2vv9hLucNNvHTlnoI/HlM=,tRyyY8DjweX+PIR6tJUfgTZKvqY=
-117,-164,XTSbpx2vv9hLucNNvHTlnoI/HlM=,tRyyY8DjweX+PIR6tJUfgTZKvqY=
-126,-172,XTSbpx2vv9hLucNNvHTlnoI/HlM=,tRyyY8DjweX+PIR6tJUfgTZKvqY=
-127,-172,XTSbpx2vv9hLucNNvHTlnoI/HlM=,tRyyY8DjweX+PIR6tJUfgTZKvqY=
-126,-166,XTSbpx2vv9hLucNNvHTlnoI/HlM=,tRyyY8DjweX+PIR6tJUfgTZKvqY=
-126,-175,XTSbpx2vv9hLucNNvHTlnoI/HlM=,tRyyY8DjweX+PIR6tJUfgTZKvqY=
-128,-166,XTSbpx2vv9hLucNNvHTlnoI/HlM=,tRyyY8DjweX+PIR6tJUfgTZKvqY=
-120,-168,XTSbpx2vv9hLucNNvHTlnoI/HlM=,tRyyY8DjweX+PIR6tJUfgTZKvqY=
