-221,288,bLVHeR8/GFIWDPD6rNy66pzwDf0=,i4k30NRUy4iz/DgMHgxlHUs8Rqg=
-209,289,bLVHeR8/GFIWDPD6rNy66pzwDf0=,i4k30NRUy4iz/DgMHgxlHUs8Rqg=
-209,303,bLVHeR8/GFIWDPD6rNy66pzwDf0=,i4k30NRUy4iz/DgMHgxlHUs8Rqg=
-211,290,bLVHeR8/GFIWDPD6rNy66pzwDf0=,i4k30NRUy4iz/DgMHgxlHUs8Rqg=
-212,290,bLVHeR8/GFIWDPD6rNy66pzwDf0=,i4k30NRUy4iz/DgMHgxlHUs8Rqg=
-213,290,bLVHeR8/GFIWDPD6rNy66pzwDf0=,i4k30NRUy4iz/DgMHgxlHUs8Rqg=
-214,290,bLVHeR8/GFIWDPD6rNy66pzwDf0=,i4k30NRUy4iz/DgMHgxlHUs8Rqg=
-215,290,bLVHeR8/GFIWDPD6rNy66pzwDf0=,i4k30NRUy4iz/DgMHgxlHUs8Rqg=
-216,290,bLVHeR8/GFIWDPD6rNy66pzwDf0=,i4k30NRUy4iz/DgMHgxlHUs8Rqg=
-217,290,bLVHeR8/GFIWDPD6rNy66pzwDf0=,i4k30NRUy4iz/DgMHgxlHUs8Rqg=
-218,290,bLVHeR8/GFIWDPD6rNy66pzwDf0=,i4k30NRUy4iz/DgMHgxlHUs8Rqg=
-219,290,bLVHeR8/GFIWDPD6rNy66pzwDf0=,i4k30NRUy4iz/DgMHgxlHUs8Rqg=
-220,290,bLVHeR8/GFIWDPD6rNy66pzwDf0=,i4k30NRUy4iz/DgMHgxlHUs8Rqg=
-221,290,bLVHeR8/GFIWDPD6rNy66pzwDf0=,i4k30NRUy4iz/DgMHgxlHUs8Rqg=
-222,290,bLVHeR8/GFIWDPD6rNy66pzwDf0=,i4k30NRUy4iz/DgMHgxlHUs8Rqg=
-223,290,bLVHeR8/GFIWDPD6rNy66pzwDf0=,i4k30NRUy4iz/DgMHgxlHUs8Rqg=
-213,291,bLVHeR8/GFIWDPD6rNy66pzwDf0=,i4k30NRUy4iz/DgMHgxlHUs8Rqg=
-224,290,bLVHeR8/GFIWDPD6rNy66pzwDf0=,i4k30NRUy4iz/DgMHgxlHUs8Rqg=
-210,303,bLVHeR8/GFIWDPD6rNy66pzwDf0=,i4k30NRUy4iz/DgMHgxlHUs8Rqg=
-211,303,bLVHeR8/GFIWDPD6rNy66pzwDf0=,i4k30NRUy4iz/DgMHgxlHUs8Rqg=
-212,303,bLVHeR8/GFIWDPD6rNy66pzwDf0=,i4k30NRUy4iz/DgMHgxlHUs8Rqg=
-213,303,bLVHeR8/GFIWDPD6rNy66pzwDf0=,i4k30NRUy4iz/DgMHgxlHUs8Rqg=
-214,303,bLVHeR8/GFIWDPD6rNy66pzwDf0=,i4k30NRUy4iz/DgMHgxlHUs8Rqg=
-215,303,bLVHeR8/GFIWDPD6rNy66pzwDf0=,i4k30NRUy4iz/DgMHgxlHUs8Rqg=
-216,303,bLVHeR8/GFIWDPD6rNy66pzwDf0=,i4k30NRUy4iz/DgMHgxlHUs8Rqg=
-217,303,bLVHeR8/GFIWDPD6rNy66pzwDf0=,i4k30NRUy4iz/DgMHgxlHUs8Rqg=
-218,303,bLVHeR8/GFIWDPD6rNy66pzwDf0=,i4k30NRUy4iz/DgMHgxlHUs8Rqg=
-219,303,bLVHeR8/GFIWDPD6rNy66pzwDf0=,i4k30NRUy4iz/DgMHgxlHUs8Rqg=
-220,303,bLVHeR8/GFIWDPD6rNy66pzwDf0=,i4k30NRUy4iz/DgMHgxlHUs8Rqg=
-221,303,bLVHeR8/GFIWDPD6rNy66pzwDf0=,i4k30NRUy4iz/DgMHgxlHUs8Rqg=
-222,288,bLVHeR8/GFIWDPD6rNy66pzwDf0=,i4k30NRUy4iz/DgMHgxlHUs8Rqg=
-214,291,bLVHeR8/GFIWDPD6rNy66pzwDf0=,i4k30NRUy4iz/DgMHgxlHUs8Rqg=
-222,303,bLVHeR8/GFIWDPD6rNy66pzwDf0=,i4k30NRUy4iz/DgMHgxlHUs8Rqg=
-223,303,bLVHeR8/GFIWDPD6rNy66pzwDf0=,i4k30NRUy4iz/DgMHgxlHUs8Rqg=
-210,289,bLVHeR8/GFIWDPD6rNy66pzwDf0=,i4k30NRUy4iz/DgMHgxlHUs8Rqg=
-224,288,bLVHeR8/GFIWDPD6rNy66pzwDf0=,i4k30NRUy4iz/DgMHgxlHUs8Rqg=
-212,291,bLVHeR8/GFIWDPD6rNy66pzwDf0=,i4k30NRUy4iz/DgMHgxlHUs8Rqg=
-210,290,bLVHeR8/GFIWDPD6rNy66pzwDf0=,i4k30NRUy4iz/DgMHgxlHUs8Rqg=
-220,288,bLVHeR8/GFIWDPD6rNy66pzwDf0=,i4k30NRUy4iz/DgMHgxlHUs8Rqg=
-211,291,bLVHeR8/GFIWDPD6rNy66pzwDf0=,i4k30NRUy4iz/DgMHgxlHUs8Rqg=
-210,291,bLVHeR8/GFIWDPD6rNy66pzwDf0=,i4k30NRUy4iz/DgMHgxlHUs8Rqg=
-209,291,bLVHeR8/GFIWDPD6rNy66pzwDf0=,i4k30NRUy4iz/DgMHgxlHUs8Rqg=
-224,292,bLVHeR8/GFIWDPD6rNy66pzwDf0=,i4k30NRUy4iz/DgMHgxlHUs8Rqg=
-219,288,bLVHeR8/GFIWDPD6rNy66pzwDf0=,i4k30NRUy4iz/DgMHgxlHUs8Rqg=
-222,289,bLVHeR8/GFIWDPD6rNy66pzwDf0=,i4k30NRUy4iz/DgMHgxlHUs8Rqg=
-223,292,bLVHeR8/GFIWDPD6rNy66pzwDf0=,i4k30NRUy4iz/DgMHgxlHUs8Rqg=
-222,292,bLVHeR8/GFIWDPD6rNy66pzwDf0=,i4k30NRUy4iz/DgMHgxlHUs8Rqg=
-221,292,bLVHeR8/GFIWDPD6rNy66pzwDf0=,i4k30NRUy4iz/DgMHgxlHUs8Rqg=
-220,292,bLVHeR8/GFIWDPD6rNy66pzwDf0=,i4k30NRUy4iz/DgMHgxlHUs8Rqg=
-219,292,bLVHeR8/GFIWDPD6rNy66pzwDf0=,i4k30NRUy4iz/DgMHgxlHUs8Rqg=
-218,292,bLVHeR8/GFIWDPD6rNy66pzwDf0=,i4k30NRUy4iz/DgMHgxlHUs8Rqg=
-217,292,bLVHeR8/GFIWDPD6rNy66pzwDf0=,i4k30NRUy4iz/DgMHgxlHUs8Rqg=
-216,292,bLVHeR8/GFIWDPD6rNy66pzwDf0=,i4k30NRUy4iz/DgMHgxlHUs8Rqg=
-215,292,bLVHeR8/GFIWDPD6rNy66pzwDf0=,i4k30NRUy4iz/DgMHgxlHUs8Rqg=
-214,292,bLVHeR8/GFIWDPD6rNy66pzwDf0=,i4k30NRUy4iz/DgMHgxlHUs8Rqg=
-213,292,bLVHeR8/GFIWDPD6rNy66pzwDf0=,i4k30NRUy4iz/DgMHgxlHUs8Rqg=
-209,290,bLVHeR8/GFIWDPD6rNy66pzwDf0=,i4k30NRUy4iz/DgMHgxlHUs8Rqg=
-218,288,bLVHeR8/GFIWDPD6rNy66pzwDf0=,i4k30NRUy4iz/DgMHgxlHUs8Rqg=
-212,292,bLVHeR8/GFIWDPD6rNy66pzwDf0=,i4k30NRUy4iz/DgMHgxlHUs8Rqg=
-211,292,bLVHeR8/GFIWDPD6rNy66pzwDf0=,i4k30NRUy4iz/DgMHgxlHUs8Rqg=
-210,292,bLVHeR8/GFIWDPD6rNy66pzwDf0=,i4k30NRUy4iz/DgMHgxlHUs8Rqg=
-209,292,bLVHeR8/GFIWDPD6rNy66pzwDf0=,i4k30NRUy4iz/DgMHgxlHUs8Rqg=
-224,293,bLVHeR8/GFIWDPD6rNy66pzwDf0=,i4k30NRUy4iz/DgMHgxlHUs8Rqg=
-221,289,bLVHeR8/GFIWDPD6rNy66pzwDf0=,i4k30NRUy4iz/DgMHgxlHUs8Rqg=
-223,293,bLVHeR8/GFIWDPD6rNy66pzwDf0=,i4k30NRUy4iz/DgMHgxlHUs8Rqg=
-222,293,bLVHeR8/GFIWDPD6rNy66pzwDf0=,i4k30NRUy4iz/DgMHgxlHUs8Rqg=
-221,293,bLVHeR8/GFIWDPD6rNy66pzwDf0=,i4k30NRUy4iz/DgMHgxlHUs8Rqg=
-220,293,bLVHeR8/GFIWDPD6rNy66pzwDf0=,i4k30NRUy4iz/DgMHgxlHUs8Rqg=
-219,293,bLVHeR8/GFIWDPD6rNy66pzwDf0=,i4k30NRUy4iz/DgMHgxlHUs8Rqg=
-218,293,bLVHeR8/GFIWDPD6rNy66pzwDf0=,i4k30NRUy4iz/DgMHgxlHUs8Rqg=
-217,293,bLVHeR8/GFIWDPD6rNy66pzwDf0=,i4k30NRUy4iz/DgMHgxlHUs8Rqg=
-216,293,bLVHeR8/GFIWDPD6rNy66pzwDf0=,i4k30NRUy4iz/DgMHgxlHUs8Rqg=
-215,293,bLVHeR8/GFIWDPD6rNy66pzwDf0=,i4k30NRUy4iz/DgMHgxlHUs8Rqg=
-214,293,bLVHeR8/GFIWDPD6rNy66pzwDf0=,i4k30NRUy4iz/DgMHgxlHUs8Rqg=
-220,289,bLVHeR8/GFIWDPD6rNy66pzwDf0=,i4k30NRUy4iz/DgMHgxlHUs8Rqg=
-224,291,bLVHeR8/GFIWDPD6rNy66pzwDf0=,i4k30NRUy4iz/DgMHgxlHUs8Rqg=
-217,288,bLVHeR8/GFIWDPD6rNy66pzwDf0=,i4k30NRUy4iz/DgMHgxlHUs8Rqg=
-213,293,bLVHeR8/GFIWDPD6rNy66pzwDf0=,i4k30NRUy4iz/DgMHgxlHUs8Rqg=
-212,293,bLVHeR8/GFIWDPD6rNy66pzwDf0=,i4k30NRUy4iz/DgMHgxlHUs8Rqg=
-211,293,bLVHeR8/GFIWDPD6rNy66pzwDf0=,i4k30NRUy4iz/DgMHgxlHUs8Rqg=
-210,293,bLVHeR8/GFIWDPD6rNy66pzwDf0=,i4k30NRUy4iz/DgMHgxlHUs8Rqg=
-209,293,bLVHeR8/GFIWDPD6rNy66pzwDf0=,i4k30NRUy4iz/DgMHgxlHUs8Rqg=
-219,289,bLVHeR8/GFIWDPD6rNy66pzwDf0=,i4k30NRUy4iz/DgMHgxlHUs8Rqg=
-209,302,bLVHeR8/GFIWDPD6rNy66pzwDf0=,i4k30NRUy4iz/DgMHgxlHUs8Rqg=
-216,302,bLVHeR8/GFIWDPD6rNy66pzwDf0=,i4k30NRUy4iz/DgMHgxlHUs8Rqg=
-217,302,bLVHeR8/GFIWDPD6rNy66pzwDf0=,i4k30NRUy4iz/DgMHgxlHUs8Rqg=
-218,302,bLVHeR8/GFIWDPD6rNy66pzwDf0=,i4k30NRUy4iz/DgMHgxlHUs8Rqg=
-219,302,bLVHeR8/GFIWDPD6rNy66pzwDf0=,i4k30NRUy4iz/DgMHgxlHUs8Rqg=
-220,302,bLVHeR8/GFIWDPD6rNy66pzwDf0=,i4k30NRUy4iz/DgMHgxlHUs8Rqg=
-221,302,bLVHeR8/GFIWDPD6rNy66pzwDf0=,i4k30NRUy4iz/DgMHgxlHUs8Rqg=
-222,302,bLVHeR8/GFIWDPD6rNy66pzwDf0=,i4k30NRUy4iz/DgMHgxlHUs8Rqg=
-223,289,bLVHeR8/GFIWDPD6rNy66pzwDf0=,i4k30NRUy4iz/DgMHgxlHUs8Rqg=
-224,294,bLVHeR8/GFIWDPD6rNy66pzwDf0=,i4k30NRUy4iz/DgMHgxlHUs8Rqg=
-224,303,bLVHeR8/GFIWDPD6rNy66pzwDf0=,i4k30NRUy4iz/DgMHgxlHUs8Rqg=
-215,291,bLVHeR8/GFIWDPD6rNy66pzwDf0=,i4k30NRUy4iz/DgMHgxlHUs8Rqg=
-223,302,bLVHeR8/GFIWDPD6rNy66pzwDf0=,i4k30NRUy4iz/DgMHgxlHUs8Rqg=
-224,289,bLVHeR8/GFIWDPD6rNy66pzwDf0=,i4k30NRUy4iz/DgMHgxlHUs8Rqg=
-210,302,bLVHeR8/GFIWDPD6rNy66pzwDf0=,i4k30NRUy4iz/DgMHgxlHUs8Rqg=
-209,301,bLVHeR8/GFIWDPD6rNy66pzwDf0=,i4k30NRUy4iz/DgMHgxlHUs8Rqg=
-210,301,bLVHeR8/GFIWDPD6rNy66pzwDf0=,i4k30NRUy4iz/DgMHgxlHUs8Rqg=
-211,301,bLVHeR8/GFIWDPD6rNy66pzwDf0=,i4k30NRUy4iz/DgMHgxlHUs8Rqg=
-212,301,bLVHeR8/GFIWDPD6rNy66pzwDf0=,i4k30NRUy4iz/DgMHgxlHUs8Rqg=
-213,301,bLVHeR8/GFIWDPD6rNy66pzwDf0=,i4k30NRUy4iz/DgMHgxlHUs8Rqg=
-214,301,bLVHeR8/GFIWDPD6rNy66pzwDf0=,i4k30NRUy4iz/DgMHgxlHUs8Rqg=
-215,301,bLVHeR8/GFIWDPD6rNy66pzwDf0=,i4k30NRUy4iz/DgMHgxlHUs8Rqg=
-216,301,bLVHeR8/GFIWDPD6rNy66pzwDf0=,i4k30NRUy4iz/DgMHgxlHUs8Rqg=
-217,301,bLVHeR8/GFIWDPD6rNy66pzwDf0=,i4k30NRUy4iz/DgMHgxlHUs8Rqg=
-218,301,bLVHeR8/GFIWDPD6rNy66pzwDf0=,i4k30NRUy4iz/DgMHgxlHUs8Rqg=
-219,301,bLVHeR8/GFIWDPD6rNy66pzwDf0=,i4k30NRUy4iz/DgMHgxlHUs8Rqg=
-220,301,bLVHeR8/GFIWDPD6rNy66pzwDf0=,i4k30NRUy4iz/DgMHgxlHUs8Rqg=
-221,301,bLVHeR8/GFIWDPD6rNy66pzwDf0=,i4k30NRUy4iz/DgMHgxlHUs8Rqg=
-209,288,bLVHeR8/GFIWDPD6rNy66pzwDf0=,i4k30NRUy4iz/DgMHgxlHUs8Rqg=
-211,289,bLVHeR8/GFIWDPD6rNy66pzwDf0=,i4k30NRUy4iz/DgMHgxlHUs8Rqg=
-216,291,bLVHeR8/GFIWDPD6rNy66pzwDf0=,i4k30NRUy4iz/DgMHgxlHUs8Rqg=
-222,301,bLVHeR8/GFIWDPD6rNy66pzwDf0=,i4k30NRUy4iz/DgMHgxlHUs8Rqg=
-223,301,bLVHeR8/GFIWDPD6rNy66pzwDf0=,i4k30NRUy4iz/DgMHgxlHUs8Rqg=
-211,302,bLVHeR8/GFIWDPD6rNy66pzwDf0=,i4k30NRUy4iz/DgMHgxlHUs8Rqg=
-212,289,bLVHeR8/GFIWDPD6rNy66pzwDf0=,i4k30NRUy4iz/DgMHgxlHUs8Rqg=
-209,300,bLVHeR8/GFIWDPD6rNy66pzwDf0=,i4k30NRUy4iz/DgMHgxlHUs8Rqg=
-210,300,bLVHeR8/GFIWDPD6rNy66pzwDf0=,i4k30NRUy4iz/DgMHgxlHUs8Rqg=
-211,300,bLVHeR8/GFIWDPD6rNy66pzwDf0=,i4k30NRUy4iz/DgMHgxlHUs8Rqg=
-212,300,bLVHeR8/GFIWDPD6rNy66pzwDf0=,i4k30NRUy4iz/DgMHgxlHUs8Rqg=
-213,300,bLVHeR8/GFIWDPD6rNy66pzwDf0=,i4k30NRUy4iz/DgMHgxlHUs8Rqg=
-214,300,bLVHeR8/GFIWDPD6rNy66pzwDf0=,i4k30NRUy4iz/DgMHgxlHUs8Rqg=
-215,300,bLVHeR8/GFIWDPD6rNy66pzwDf0=,i4k30NRUy4iz/DgMHgxlHUs8Rqg=
-216,300,bLVHeR8/GFIWDPD6rNy66pzwDf0=,i4k30NRUy4iz/DgMHgxlHUs8Rqg=
-217,300,bLVHeR8/GFIWDPD6rNy66pzwDf0=,i4k30NRUy4iz/DgMHgxlHUs8Rqg=
-218,300,bLVHeR8/GFIWDPD6rNy66pzwDf0=,i4k30NRUy4iz/DgMHgxlHUs8Rqg=
-219,300,bLVHeR8/GFIWDPD6rNy66pzwDf0=,i4k30NRUy4iz/DgMHgxlHUs8Rqg=
-220,300,bLVHeR8/GFIWDPD6rNy66pzwDf0=,i4k30NRUy4iz/DgMHgxlHUs8Rqg=
-210,288,bLVHeR8/GFIWDPD6rNy66pzwDf0=,i4k30NRUy4iz/DgMHgxlHUs8Rqg=
-217,291,bLVHeR8/GFIWDPD6rNy66pzwDf0=,i4k30NRUy4iz/DgMHgxlHUs8Rqg=
-221,300,bLVHeR8/GFIWDPD6rNy66pzwDf0=,i4k30NRUy4iz/DgMHgxlHUs8Rqg=
-222,300,bLVHeR8/GFIWDPD6rNy66pzwDf0=,i4k30NRUy4iz/DgMHgxlHUs8Rqg=
-223,300,bLVHeR8/GFIWDPD6rNy66pzwDf0=,i4k30NRUy4iz/DgMHgxlHUs8Rqg=
-212,302,bLVHeR8/GFIWDPD6rNy66pzwDf0=,i4k30NRUy4iz/DgMHgxlHUs8Rqg=
-213,289,bLVHeR8/GFIWDPD6rNy66pzwDf0=,i4k30NRUy4iz/DgMHgxlHUs8Rqg=
-209,299,bLVHeR8/GFIWDPD6rNy66pzwDf0=,i4k30NRUy4iz/DgMHgxlHUs8Rqg=
-210,299,bLVHeR8/GFIWDPD6rNy66pzwDf0=,i4k30NRUy4iz/DgMHgxlHUs8Rqg=
-211,299,bLVHeR8/GFIWDPD6rNy66pzwDf0=,i4k30NRUy4iz/DgMHgxlHUs8Rqg=
-212,299,bLVHeR8/GFIWDPD6rNy66pzwDf0=,i4k30NRUy4iz/DgMHgxlHUs8Rqg=
-213,299,bLVHeR8/GFIWDPD6rNy66pzwDf0=,i4k30NRUy4iz/DgMHgxlHUs8Rqg=
-214,299,bLVHeR8/GFIWDPD6rNy66pzwDf0=,i4k30NRUy4iz/DgMHgxlHUs8Rqg=
-215,299,bLVHeR8/GFIWDPD6rNy66pzwDf0=,i4k30NRUy4iz/DgMHgxlHUs8Rqg=
-216,299,bLVHeR8/GFIWDPD6rNy66pzwDf0=,i4k30NRUy4iz/DgMHgxlHUs8Rqg=
-217,299,bLVHeR8/GFIWDPD6rNy66pzwDf0=,i4k30NRUy4iz/DgMHgxlHUs8Rqg=
-218,299,bLVHeR8/GFIWDPD6rNy66pzwDf0=,i4k30NRUy4iz/DgMHgxlHUs8Rqg=
-219,299,bLVHeR8/GFIWDPD6rNy66pzwDf0=,i4k30NRUy4iz/DgMHgxlHUs8Rqg=
-211,288,bLVHeR8/GFIWDPD6rNy66pzwDf0=,i4k30NRUy4iz/DgMHgxlHUs8Rqg=
-218,291,bLVHeR8/GFIWDPD6rNy66pzwDf0=,i4k30NRUy4iz/DgMHgxlHUs8Rqg=
-220,299,bLVHeR8/GFIWDPD6rNy66pzwDf0=,i4k30NRUy4iz/DgMHgxlHUs8Rqg=
-221,299,bLVHeR8/GFIWDPD6rNy66pzwDf0=,i4k30NRUy4iz/DgMHgxlHUs8Rqg=
-222,299,bLVHeR8/GFIWDPD6rNy66pzwDf0=,i4k30NRUy4iz/DgMHgxlHUs8Rqg=
-223,299,bLVHeR8/GFIWDPD6rNy66pzwDf0=,i4k30NRUy4iz/DgMHgxlHUs8Rqg=
-213,302,bLVHeR8/GFIWDPD6rNy66pzwDf0=,i4k30NRUy4iz/DgMHgxlHUs8Rqg=
-214,289,bLVHeR8/GFIWDPD6rNy66pzwDf0=,i4k30NRUy4iz/DgMHgxlHUs8Rqg=
-209,298,bLVHeR8/GFIWDPD6rNy66pzwDf0=,i4k30NRUy4iz/DgMHgxlHUs8Rqg=
-210,298,bLVHeR8/GFIWDPD6rNy66pzwDf0=,i4k30NRUy4iz/DgMHgxlHUs8Rqg=
-211,298,bLVHeR8/GFIWDPD6rNy66pzwDf0=,i4k30NRUy4iz/DgMHgxlHUs8Rqg=
-212,298,bLVHeR8/GFIWDPD6rNy66pzwDf0=,i4k30NRUy4iz/DgMHgxlHUs8Rqg=
-213,298,bLVHeR8/GFIWDPD6rNy66pzwDf0=,i4k30NRUy4iz/DgMHgxlHUs8Rqg=
-214,298,bLVHeR8/GFIWDPD6rNy66pzwDf0=,i4k30NRUy4iz/DgMHgxlHUs8Rqg=
-215,298,bLVHeR8/GFIWDPD6rNy66pzwDf0=,i4k30NRUy4iz/DgMHgxlHUs8Rqg=
-216,298,bLVHeR8/GFIWDPD6rNy66pzwDf0=,i4k30NRUy4iz/DgMHgxlHUs8Rqg=
-217,298,bLVHeR8/GFIWDPD6rNy66pzwDf0=,i4k30NRUy4iz/DgMHgxlHUs8Rqg=
-218,298,bLVHeR8/GFIWDPD6rNy66pzwDf0=,i4k30NRUy4iz/DgMHgxlHUs8Rqg=
-212,288,bLVHeR8/GFIWDPD6rNy66pzwDf0=,i4k30NRUy4iz/DgMHgxlHUs8Rqg=
-219,291,bLVHeR8/GFIWDPD6rNy66pzwDf0=,i4k30NRUy4iz/DgMHgxlHUs8Rqg=
-219,298,bLVHeR8/GFIWDPD6rNy66pzwDf0=,i4k30NRUy4iz/DgMHgxlHUs8Rqg=
-220,298,bLVHeR8/GFIWDPD6rNy66pzwDf0=,i4k30NRUy4iz/DgMHgxlHUs8Rqg=
-221,298,bLVHeR8/GFIWDPD6rNy66pzwDf0=,i4k30NRUy4iz/DgMHgxlHUs8Rqg=
-222,298,bLVHeR8/GFIWDPD6rNy66pzwDf0=,i4k30NRUy4iz/DgMHgxlHUs8Rqg=
-223,298,bLVHeR8/GFIWDPD6rNy66pzwDf0=,i4k30NRUy4iz/DgMHgxlHUs8Rqg=
-214,302,bLVHeR8/GFIWDPD6rNy66pzwDf0=,i4k30NRUy4iz/DgMHgxlHUs8Rqg=
-215,289,bLVHeR8/GFIWDPD6rNy66pzwDf0=,i4k30NRUy4iz/DgMHgxlHUs8Rqg=
-209,297,bLVHeR8/GFIWDPD6rNy66pzwDf0=,i4k30NRUy4iz/DgMHgxlHUs8Rqg=
-210,297,bLVHeR8/GFIWDPD6rNy66pzwDf0=,i4k30NRUy4iz/DgMHgxlHUs8Rqg=
-211,297,bLVHeR8/GFIWDPD6rNy66pzwDf0=,i4k30NRUy4iz/DgMHgxlHUs8Rqg=
-212,297,bLVHeR8/GFIWDPD6rNy66pzwDf0=,i4k30NRUy4iz/DgMHgxlHUs8Rqg=
-213,297,bLVHeR8/GFIWDPD6rNy66pzwDf0=,i4k30NRUy4iz/DgMHgxlHUs8Rqg=
-214,297,bLVHeR8/GFIWDPD6rNy66pzwDf0=,i4k30NRUy4iz/DgMHgxlHUs8Rqg=
-215,297,bLVHeR8/GFIWDPD6rNy66pzwDf0=,i4k30NRUy4iz/DgMHgxlHUs8Rqg=
-216,297,bLVHeR8/GFIWDPD6rNy66pzwDf0=,i4k30NRUy4iz/DgMHgxlHUs8Rqg=
-217,297,bLVHeR8/GFIWDPD6rNy66pzwDf0=,i4k30NRUy4iz/DgMHgxlHUs8Rqg=
-213,288,bLVHeR8/GFIWDPD6rNy66pzwDf0=,i4k30NRUy4iz/DgMHgxlHUs8Rqg=
-220,291,bLVHeR8/GFIWDPD6rNy66pzwDf0=,i4k30NRUy4iz/DgMHgxlHUs8Rqg=
-218,297,bLVHeR8/GFIWDPD6rNy66pzwDf0=,i4k30NRUy4iz/DgMHgxlHUs8Rqg=
-219,297,bLVHeR8/GFIWDPD6rNy66pzwDf0=,i4k30NRUy4iz/DgMHgxlHUs8Rqg=
-220,297,bLVHeR8/GFIWDPD6rNy66pzwDf0=,i4k30NRUy4iz/DgMHgxlHUs8Rqg=
-221,297,bLVHeR8/GFIWDPD6rNy66pzwDf0=,i4k30NRUy4iz/DgMHgxlHUs8Rqg=
-222,297,bLVHeR8/GFIWDPD6rNy66pzwDf0=,i4k30NRUy4iz/DgMHgxlHUs8Rqg=
-223,297,bLVHeR8/GFIWDPD6rNy66pzwDf0=,i4k30NRUy4iz/DgMHgxlHUs8Rqg=
-215,302,bLVHeR8/GFIWDPD6rNy66pzwDf0=,i4k30NRUy4iz/DgMHgxlHUs8Rqg=
-216,289,bLVHeR8/GFIWDPD6rNy66pzwDf0=,i4k30NRUy4iz/DgMHgxlHUs8Rqg=
-209,296,bLVHeR8/GFIWDPD6rNy66pzwDf0=,i4k30NRUy4iz/DgMHgxlHUs8Rqg=
-210,296,bLVHeR8/GFIWDPD6rNy66pzwDf0=,i4k30NRUy4iz/DgMHgxlHUs8Rqg=
-211,296,bLVHeR8/GFIWDPD6rNy66pzwDf0=,i4k30NRUy4iz/DgMHgxlHUs8Rqg=
-212,296,bLVHeR8/GFIWDPD6rNy66pzwDf0=,i4k30NRUy4iz/DgMHgxlHUs8Rqg=
-213,296,bLVHeR8/GFIWDPD6rNy66pzwDf0=,i4k30NRUy4iz/DgMHgxlHUs8Rqg=
-214,296,bLVHeR8/GFIWDPD6rNy66pzwDf0=,i4k30NRUy4iz/DgMHgxlHUs8Rqg=
-215,296,bLVHeR8/GFIWDPD6rNy66pzwDf0=,i4k30NRUy4iz/DgMHgxlHUs8Rqg=
-216,296,bLVHeR8/GFIWDPD6rNy66pzwDf0=,i4k30NRUy4iz/DgMHgxlHUs8Rqg=
-214,288,bLVHeR8/GFIWDPD6rNy66pzwDf0=,i4k30NRUy4iz/DgMHgxlHUs8Rqg=
-221,291,bLVHeR8/GFIWDPD6rNy66pzwDf0=,i4k30NRUy4iz/DgMHgxlHUs8Rqg=
-217,296,bLVHeR8/GFIWDPD6rNy66pzwDf0=,i4k30NRUy4iz/DgMHgxlHUs8Rqg=
-218,296,bLVHeR8/GFIWDPD6rNy66pzwDf0=,i4k30NRUy4iz/DgMHgxlHUs8Rqg=
-219,296,bLVHeR8/GFIWDPD6rNy66pzwDf0=,i4k30NRUy4iz/DgMHgxlHUs8Rqg=
-220,296,bLVHeR8/GFIWDPD6rNy66pzwDf0=,i4k30NRUy4iz/DgMHgxlHUs8Rqg=
-221,296,bLVHeR8/GFIWDPD6rNy66pzwDf0=,i4k30NRUy4iz/DgMHgxlHUs8Rqg=
-222,296,bLVHeR8/GFIWDPD6rNy66pzwDf0=,i4k30NRUy4iz/DgMHgxlHUs8Rqg=
-224,297,bLVHeR8/GFIWDPD6rNy66pzwDf0=,i4k30NRUy4iz/DgMHgxlHUs8Rqg=
-223,296,bLVHeR8/GFIWDPD6rNy66pzwDf0=,i4k30NRUy4iz/DgMHgxlHUs8Rqg=
-217,289,bLVHeR8/GFIWDPD6rNy66pzwDf0=,i4k30NRUy4iz/DgMHgxlHUs8Rqg=
-209,295,bLVHeR8/GFIWDPD6rNy66pzwDf0=,i4k30NRUy4iz/DgMHgxlHUs8Rqg=
-210,295,bLVHeR8/GFIWDPD6rNy66pzwDf0=,i4k30NRUy4iz/DgMHgxlHUs8Rqg=
-211,295,bLVHeR8/GFIWDPD6rNy66pzwDf0=,i4k30NRUy4iz/DgMHgxlHUs8Rqg=
-212,295,bLVHeR8/GFIWDPD6rNy66pzwDf0=,i4k30NRUy4iz/DgMHgxlHUs8Rqg=
-213,295,bLVHeR8/GFIWDPD6rNy66pzwDf0=,i4k30NRUy4iz/DgMHgxlHUs8Rqg=
-214,295,bLVHeR8/GFIWDPD6rNy66pzwDf0=,i4k30NRUy4iz/DgMHgxlHUs8Rqg=
-215,295,bLVHeR8/GFIWDPD6rNy66pzwDf0=,i4k30NRUy4iz/DgMHgxlHUs8Rqg=
-215,288,bLVHeR8/GFIWDPD6rNy66pzwDf0=,i4k30NRUy4iz/DgMHgxlHUs8Rqg=
-222,291,bLVHeR8/GFIWDPD6rNy66pzwDf0=,i4k30NRUy4iz/DgMHgxlHUs8Rqg=
-216,295,bLVHeR8/GFIWDPD6rNy66pzwDf0=,i4k30NRUy4iz/DgMHgxlHUs8Rqg=
-217,295,bLVHeR8/GFIWDPD6rNy66pzwDf0=,i4k30NRUy4iz/DgMHgxlHUs8Rqg=
-218,295,bLVHeR8/GFIWDPD6rNy66pzwDf0=,i4k30NRUy4iz/DgMHgxlHUs8Rqg=
-219,295,bLVHeR8/GFIWDPD6rNy66pzwDf0=,i4k30NRUy4iz/DgMHgxlHUs8Rqg=
-220,295,bLVHeR8/GFIWDPD6rNy66pzwDf0=,i4k30NRUy4iz/DgMHgxlHUs8Rqg=
-221,295,bLVHeR8/GFIWDPD6rNy66pzwDf0=,i4k30NRUy4iz/DgMHgxlHUs8Rqg=
-222,295,bLVHeR8/GFIWDPD6rNy66pzwDf0=,i4k30NRUy4iz/DgMHgxlHUs8Rqg=
-218,289,bLVHeR8/GFIWDPD6rNy66pzwDf0=,i4k30NRUy4iz/DgMHgxlHUs8Rqg=
-209,294,bLVHeR8/GFIWDPD6rNy66pzwDf0=,i4k30NRUy4iz/DgMHgxlHUs8Rqg=
-210,294,bLVHeR8/GFIWDPD6rNy66pzwDf0=,i4k30NRUy4iz/DgMHgxlHUs8Rqg=
-211,294,bLVHeR8/GFIWDPD6rNy66pzwDf0=,i4k30NRUy4iz/DgMHgxlHUs8Rqg=
-212,294,bLVHeR8/GFIWDPD6rNy66pzwDf0=,i4k30NRUy4iz/DgMHgxlHUs8Rqg=
-213,294,bLVHeR8/GFIWDPD6rNy66pzwDf0=,i4k30NRUy4iz/DgMHgxlHUs8Rqg=
-214,294,bLVHeR8/GFIWDPD6rNy66pzwDf0=,i4k30NRUy4iz/DgMHgxlHUs8Rqg=
-216,288,bLVHeR8/GFIWDPD6rNy66pzwDf0=,i4k30NRUy4iz/DgMHgxlHUs8Rqg=
-223,291,bLVHeR8/GFIWDPD6rNy66pzwDf0=,i4k30NRUy4iz/DgMHgxlHUs8Rqg=
-215,294,bLVHeR8/GFIWDPD6rNy66pzwDf0=,i4k30NRUy4iz/DgMHgxlHUs8Rqg=
-216,294,bLVHeR8/GFIWDPD6rNy66pzwDf0=,i4k30NRUy4iz/DgMHgxlHUs8Rqg=
-217,294,bLVHeR8/GFIWDPD6rNy66pzwDf0=,i4k30NRUy4iz/DgMHgxlHUs8Rqg=
-218,294,bLVHeR8/GFIWDPD6rNy66pzwDf0=,i4k30NRUy4iz/DgMHgxlHUs8Rqg=
-219,294,bLVHeR8/GFIWDPD6rNy66pzwDf0=,i4k30NRUy4iz/DgMHgxlHUs8Rqg=
-220,294,bLVHeR8/GFIWDPD6rNy66pzwDf0=,i4k30NRUy4iz/DgMHgxlHUs8Rqg=
-221,294,bLVHeR8/GFIWDPD6rNy66pzwDf0=,i4k30NRUy4iz/DgMHgxlHUs8Rqg=
-222,294,bLVHeR8/GFIWDPD6rNy66pzwDf0=,i4k30NRUy4iz/DgMHgxlHUs8Rqg=
-224,302,bLVHeR8/GFIWDPD6rNy66pzwDf0=,i4k30NRUy4iz/DgMHgxlHUs8Rqg=
-223,288,bLVHeR8/GFIWDPD6rNy66pzwDf0=,i4k30NRUy4iz/DgMHgxlHUs8Rqg=
-224,301,bLVHeR8/GFIWDPD6rNy66pzwDf0=,i4k30NRUy4iz/DgMHgxlHUs8Rqg=
-224,300,bLVHeR8/GFIWDPD6rNy66pzwDf0=,i4k30NRUy4iz/DgMHgxlHUs8Rqg=
-224,299,bLVHeR8/GFIWDPD6rNy66pzwDf0=,i4k30NRUy4iz/DgMHgxlHUs8Rqg=
-224,298,bLVHeR8/GFIWDPD6rNy66pzwDf0=,i4k30NRUy4iz/DgMHgxlHUs8Rqg=
-223,294,bLVHeR8/GFIWDPD6rNy66pzwDf0=,i4k30NRUy4iz/DgMHgxlHUs8Rqg=
-223,295,bLVHeR8/GFIWDPD6rNy66pzwDf0=,i4k30NRUy4iz/DgMHgxlHUs8Rqg=
-224,295,bLVHeR8/GFIWDPD6rNy66pzwDf0=,i4k30NRUy4iz/DgMHgxlHUs8Rqg=
-224,296,bLVHeR8/GFIWDPD6rNy66pzwDf0=,i4k30NRUy4iz/DgMHgxlHUs8Rqg=
-209,319,lkWkUfLzCgCjznvqiEOontq03aw=,O5h4NfYgfgkKnHjAAguKWoYAP7c=
-224,304,lkWkUfLzCgCjznvqiEOontq03aw=,O5h4NfYgfgkKnHjAAguKWoYAP7c=
-210,306,lkWkUfLzCgCjznvqiEOontq03aw=,O5h4NfYgfgkKnHjAAguKWoYAP7c=
-209,306,lkWkUfLzCgCjznvqiEOontq03aw=,O5h4NfYgfgkKnHjAAguKWoYAP7c=
-211,306,lkWkUfLzCgCjznvqiEOontq03aw=,O5h4NfYgfgkKnHjAAguKWoYAP7c=
-221,304,lkWkUfLzCgCjznvqiEOontq03aw=,O5h4NfYgfgkKnHjAAguKWoYAP7c=
-210,319,lkWkUfLzCgCjznvqiEOontq03aw=,O5h4NfYgfgkKnHjAAguKWoYAP7c=
-211,319,lkWkUfLzCgCjznvqiEOontq03aw=,O5h4NfYgfgkKnHjAAguKWoYAP7c=
-212,319,lkWkUfLzCgCjznvqiEOontq03aw=,O5h4NfYgfgkKnHjAAguKWoYAP7c=
-213,319,lkWkUfLzCgCjznvqiEOontq03aw=,O5h4NfYgfgkKnHjAAguKWoYAP7c=
-214,319,lkWkUfLzCgCjznvqiEOontq03aw=,O5h4NfYgfgkKnHjAAguKWoYAP7c=
-215,319,lkWkUfLzCgCjznvqiEOontq03aw=,O5h4NfYgfgkKnHjAAguKWoYAP7c=
-216,319,lkWkUfLzCgCjznvqiEOontq03aw=,O5h4NfYgfgkKnHjAAguKWoYAP7c=
-217,319,lkWkUfLzCgCjznvqiEOontq03aw=,O5h4NfYgfgkKnHjAAguKWoYAP7c=
-218,319,lkWkUfLzCgCjznvqiEOontq03aw=,O5h4NfYgfgkKnHjAAguKWoYAP7c=
-220,319,lkWkUfLzCgCjznvqiEOontq03aw=,O5h4NfYgfgkKnHjAAguKWoYAP7c=
-219,319,lkWkUfLzCgCjznvqiEOontq03aw=,O5h4NfYgfgkKnHjAAguKWoYAP7c=
-221,319,lkWkUfLzCgCjznvqiEOontq03aw=,O5h4NfYgfgkKnHjAAguKWoYAP7c=
-222,319,lkWkUfLzCgCjznvqiEOontq03aw=,O5h4NfYgfgkKnHjAAguKWoYAP7c=
-223,319,lkWkUfLzCgCjznvqiEOontq03aw=,O5h4NfYgfgkKnHjAAguKWoYAP7c=
-209,305,lkWkUfLzCgCjznvqiEOontq03aw=,O5h4NfYgfgkKnHjAAguKWoYAP7c=
-210,305,lkWkUfLzCgCjznvqiEOontq03aw=,O5h4NfYgfgkKnHjAAguKWoYAP7c=
-211,305,lkWkUfLzCgCjznvqiEOontq03aw=,O5h4NfYgfgkKnHjAAguKWoYAP7c=
-212,305,lkWkUfLzCgCjznvqiEOontq03aw=,O5h4NfYgfgkKnHjAAguKWoYAP7c=
-213,305,lkWkUfLzCgCjznvqiEOontq03aw=,O5h4NfYgfgkKnHjAAguKWoYAP7c=
-214,305,lkWkUfLzCgCjznvqiEOontq03aw=,O5h4NfYgfgkKnHjAAguKWoYAP7c=
-215,305,lkWkUfLzCgCjznvqiEOontq03aw=,O5h4NfYgfgkKnHjAAguKWoYAP7c=
-216,305,lkWkUfLzCgCjznvqiEOontq03aw=,O5h4NfYgfgkKnHjAAguKWoYAP7c=
-217,305,lkWkUfLzCgCjznvqiEOontq03aw=,O5h4NfYgfgkKnHjAAguKWoYAP7c=
-218,305,lkWkUfLzCgCjznvqiEOontq03aw=,O5h4NfYgfgkKnHjAAguKWoYAP7c=
-219,305,lkWkUfLzCgCjznvqiEOontq03aw=,O5h4NfYgfgkKnHjAAguKWoYAP7c=
-220,305,lkWkUfLzCgCjznvqiEOontq03aw=,O5h4NfYgfgkKnHjAAguKWoYAP7c=
-224,319,lkWkUfLzCgCjznvqiEOontq03aw=,O5h4NfYgfgkKnHjAAguKWoYAP7c=
-209,318,lkWkUfLzCgCjznvqiEOontq03aw=,O5h4NfYgfgkKnHjAAguKWoYAP7c=
-221,305,lkWkUfLzCgCjznvqiEOontq03aw=,O5h4NfYgfgkKnHjAAguKWoYAP7c=
-222,305,lkWkUfLzCgCjznvqiEOontq03aw=,O5h4NfYgfgkKnHjAAguKWoYAP7c=
-210,318,lkWkUfLzCgCjznvqiEOontq03aw=,O5h4NfYgfgkKnHjAAguKWoYAP7c=
-223,305,lkWkUfLzCgCjznvqiEOontq03aw=,O5h4NfYgfgkKnHjAAguKWoYAP7c=
-212,306,lkWkUfLzCgCjznvqiEOontq03aw=,O5h4NfYgfgkKnHjAAguKWoYAP7c=
-211,318,lkWkUfLzCgCjznvqiEOontq03aw=,O5h4NfYgfgkKnHjAAguKWoYAP7c=
-212,318,lkWkUfLzCgCjznvqiEOontq03aw=,O5h4NfYgfgkKnHjAAguKWoYAP7c=
-213,318,lkWkUfLzCgCjznvqiEOontq03aw=,O5h4NfYgfgkKnHjAAguKWoYAP7c=
-214,318,lkWkUfLzCgCjznvqiEOontq03aw=,O5h4NfYgfgkKnHjAAguKWoYAP7c=
-215,318,lkWkUfLzCgCjznvqiEOontq03aw=,O5h4NfYgfgkKnHjAAguKWoYAP7c=
-216,318,lkWkUfLzCgCjznvqiEOontq03aw=,O5h4NfYgfgkKnHjAAguKWoYAP7c=
-217,318,lkWkUfLzCgCjznvqiEOontq03aw=,O5h4NfYgfgkKnHjAAguKWoYAP7c=
-218,318,lkWkUfLzCgCjznvqiEOontq03aw=,O5h4NfYgfgkKnHjAAguKWoYAP7c=
-219,318,lkWkUfLzCgCjznvqiEOontq03aw=,O5h4NfYgfgkKnHjAAguKWoYAP7c=
-220,318,lkWkUfLzCgCjznvqiEOontq03aw=,O5h4NfYgfgkKnHjAAguKWoYAP7c=
-221,318,lkWkUfLzCgCjznvqiEOontq03aw=,O5h4NfYgfgkKnHjAAguKWoYAP7c=
-222,318,lkWkUfLzCgCjznvqiEOontq03aw=,O5h4NfYgfgkKnHjAAguKWoYAP7c=
-223,318,lkWkUfLzCgCjznvqiEOontq03aw=,O5h4NfYgfgkKnHjAAguKWoYAP7c=
-222,304,lkWkUfLzCgCjznvqiEOontq03aw=,O5h4NfYgfgkKnHjAAguKWoYAP7c=
-209,317,lkWkUfLzCgCjznvqiEOontq03aw=,O5h4NfYgfgkKnHjAAguKWoYAP7c=
-210,317,lkWkUfLzCgCjznvqiEOontq03aw=,O5h4NfYgfgkKnHjAAguKWoYAP7c=
-209,304,lkWkUfLzCgCjznvqiEOontq03aw=,O5h4NfYgfgkKnHjAAguKWoYAP7c=
-211,317,lkWkUfLzCgCjznvqiEOontq03aw=,O5h4NfYgfgkKnHjAAguKWoYAP7c=
-213,306,lkWkUfLzCgCjznvqiEOontq03aw=,O5h4NfYgfgkKnHjAAguKWoYAP7c=
-212,317,lkWkUfLzCgCjznvqiEOontq03aw=,O5h4NfYgfgkKnHjAAguKWoYAP7c=
-213,317,lkWkUfLzCgCjznvqiEOontq03aw=,O5h4NfYgfgkKnHjAAguKWoYAP7c=
-214,317,lkWkUfLzCgCjznvqiEOontq03aw=,O5h4NfYgfgkKnHjAAguKWoYAP7c=
-215,317,lkWkUfLzCgCjznvqiEOontq03aw=,O5h4NfYgfgkKnHjAAguKWoYAP7c=
-216,317,lkWkUfLzCgCjznvqiEOontq03aw=,O5h4NfYgfgkKnHjAAguKWoYAP7c=
-217,317,lkWkUfLzCgCjznvqiEOontq03aw=,O5h4NfYgfgkKnHjAAguKWoYAP7c=
-218,317,lkWkUfLzCgCjznvqiEOontq03aw=,O5h4NfYgfgkKnHjAAguKWoYAP7c=
-219,317,lkWkUfLzCgCjznvqiEOontq03aw=,O5h4NfYgfgkKnHjAAguKWoYAP7c=
-220,317,lkWkUfLzCgCjznvqiEOontq03aw=,O5h4NfYgfgkKnHjAAguKWoYAP7c=
-221,317,lkWkUfLzCgCjznvqiEOontq03aw=,O5h4NfYgfgkKnHjAAguKWoYAP7c=
-222,317,lkWkUfLzCgCjznvqiEOontq03aw=,O5h4NfYgfgkKnHjAAguKWoYAP7c=
-223,317,lkWkUfLzCgCjznvqiEOontq03aw=,O5h4NfYgfgkKnHjAAguKWoYAP7c=
-224,317,lkWkUfLzCgCjznvqiEOontq03aw=,O5h4NfYgfgkKnHjAAguKWoYAP7c=
-209,316,lkWkUfLzCgCjznvqiEOontq03aw=,O5h4NfYgfgkKnHjAAguKWoYAP7c=
-210,316,lkWkUfLzCgCjznvqiEOontq03aw=,O5h4NfYgfgkKnHjAAguKWoYAP7c=
-211,316,lkWkUfLzCgCjznvqiEOontq03aw=,O5h4NfYgfgkKnHjAAguKWoYAP7c=
-210,304,lkWkUfLzCgCjznvqiEOontq03aw=,O5h4NfYgfgkKnHjAAguKWoYAP7c=
-212,316,lkWkUfLzCgCjznvqiEOontq03aw=,O5h4NfYgfgkKnHjAAguKWoYAP7c=
-214,306,lkWkUfLzCgCjznvqiEOontq03aw=,O5h4NfYgfgkKnHjAAguKWoYAP7c=
-213,316,lkWkUfLzCgCjznvqiEOontq03aw=,O5h4NfYgfgkKnHjAAguKWoYAP7c=
-214,316,lkWkUfLzCgCjznvqiEOontq03aw=,O5h4NfYgfgkKnHjAAguKWoYAP7c=
-215,316,lkWkUfLzCgCjznvqiEOontq03aw=,O5h4NfYgfgkKnHjAAguKWoYAP7c=
-216,316,lkWkUfLzCgCjznvqiEOontq03aw=,O5h4NfYgfgkKnHjAAguKWoYAP7c=
-223,304,lkWkUfLzCgCjznvqiEOontq03aw=,O5h4NfYgfgkKnHjAAguKWoYAP7c=
-217,316,lkWkUfLzCgCjznvqiEOontq03aw=,O5h4NfYgfgkKnHjAAguKWoYAP7c=
-218,316,lkWkUfLzCgCjznvqiEOontq03aw=,O5h4NfYgfgkKnHjAAguKWoYAP7c=
-219,316,lkWkUfLzCgCjznvqiEOontq03aw=,O5h4NfYgfgkKnHjAAguKWoYAP7c=
-220,316,lkWkUfLzCgCjznvqiEOontq03aw=,O5h4NfYgfgkKnHjAAguKWoYAP7c=
-221,316,lkWkUfLzCgCjznvqiEOontq03aw=,O5h4NfYgfgkKnHjAAguKWoYAP7c=
-222,316,lkWkUfLzCgCjznvqiEOontq03aw=,O5h4NfYgfgkKnHjAAguKWoYAP7c=
-223,316,lkWkUfLzCgCjznvqiEOontq03aw=,O5h4NfYgfgkKnHjAAguKWoYAP7c=
-209,315,lkWkUfLzCgCjznvqiEOontq03aw=,O5h4NfYgfgkKnHjAAguKWoYAP7c=
-210,315,lkWkUfLzCgCjznvqiEOontq03aw=,O5h4NfYgfgkKnHjAAguKWoYAP7c=
-211,315,lkWkUfLzCgCjznvqiEOontq03aw=,O5h4NfYgfgkKnHjAAguKWoYAP7c=
-212,315,lkWkUfLzCgCjznvqiEOontq03aw=,O5h4NfYgfgkKnHjAAguKWoYAP7c=
-211,304,lkWkUfLzCgCjznvqiEOontq03aw=,O5h4NfYgfgkKnHjAAguKWoYAP7c=
-213,315,lkWkUfLzCgCjznvqiEOontq03aw=,O5h4NfYgfgkKnHjAAguKWoYAP7c=
-215,306,lkWkUfLzCgCjznvqiEOontq03aw=,O5h4NfYgfgkKnHjAAguKWoYAP7c=
-214,315,lkWkUfLzCgCjznvqiEOontq03aw=,O5h4NfYgfgkKnHjAAguKWoYAP7c=
-215,315,lkWkUfLzCgCjznvqiEOontq03aw=,O5h4NfYgfgkKnHjAAguKWoYAP7c=
-216,315,lkWkUfLzCgCjznvqiEOontq03aw=,O5h4NfYgfgkKnHjAAguKWoYAP7c=
-217,315,lkWkUfLzCgCjznvqiEOontq03aw=,O5h4NfYgfgkKnHjAAguKWoYAP7c=
-218,315,lkWkUfLzCgCjznvqiEOontq03aw=,O5h4NfYgfgkKnHjAAguKWoYAP7c=
-219,315,lkWkUfLzCgCjznvqiEOontq03aw=,O5h4NfYgfgkKnHjAAguKWoYAP7c=
-220,315,lkWkUfLzCgCjznvqiEOontq03aw=,O5h4NfYgfgkKnHjAAguKWoYAP7c=
-221,315,lkWkUfLzCgCjznvqiEOontq03aw=,O5h4NfYgfgkKnHjAAguKWoYAP7c=
-222,315,lkWkUfLzCgCjznvqiEOontq03aw=,O5h4NfYgfgkKnHjAAguKWoYAP7c=
-224,316,lkWkUfLzCgCjznvqiEOontq03aw=,O5h4NfYgfgkKnHjAAguKWoYAP7c=
-209,314,lkWkUfLzCgCjznvqiEOontq03aw=,O5h4NfYgfgkKnHjAAguKWoYAP7c=
-210,314,lkWkUfLzCgCjznvqiEOontq03aw=,O5h4NfYgfgkKnHjAAguKWoYAP7c=
-211,314,lkWkUfLzCgCjznvqiEOontq03aw=,O5h4NfYgfgkKnHjAAguKWoYAP7c=
-212,314,lkWkUfLzCgCjznvqiEOontq03aw=,O5h4NfYgfgkKnHjAAguKWoYAP7c=
-213,314,lkWkUfLzCgCjznvqiEOontq03aw=,O5h4NfYgfgkKnHjAAguKWoYAP7c=
-212,304,lkWkUfLzCgCjznvqiEOontq03aw=,O5h4NfYgfgkKnHjAAguKWoYAP7c=
-214,314,lkWkUfLzCgCjznvqiEOontq03aw=,O5h4NfYgfgkKnHjAAguKWoYAP7c=
-216,306,lkWkUfLzCgCjznvqiEOontq03aw=,O5h4NfYgfgkKnHjAAguKWoYAP7c=
-215,314,lkWkUfLzCgCjznvqiEOontq03aw=,O5h4NfYgfgkKnHjAAguKWoYAP7c=
-216,314,lkWkUfLzCgCjznvqiEOontq03aw=,O5h4NfYgfgkKnHjAAguKWoYAP7c=
-217,314,lkWkUfLzCgCjznvqiEOontq03aw=,O5h4NfYgfgkKnHjAAguKWoYAP7c=
-218,314,lkWkUfLzCgCjznvqiEOontq03aw=,O5h4NfYgfgkKnHjAAguKWoYAP7c=
-219,314,lkWkUfLzCgCjznvqiEOontq03aw=,O5h4NfYgfgkKnHjAAguKWoYAP7c=
-220,314,lkWkUfLzCgCjznvqiEOontq03aw=,O5h4NfYgfgkKnHjAAguKWoYAP7c=
-221,314,lkWkUfLzCgCjznvqiEOontq03aw=,O5h4NfYgfgkKnHjAAguKWoYAP7c=
-222,314,lkWkUfLzCgCjznvqiEOontq03aw=,O5h4NfYgfgkKnHjAAguKWoYAP7c=
-223,314,lkWkUfLzCgCjznvqiEOontq03aw=,O5h4NfYgfgkKnHjAAguKWoYAP7c=
-209,313,lkWkUfLzCgCjznvqiEOontq03aw=,O5h4NfYgfgkKnHjAAguKWoYAP7c=
-210,313,lkWkUfLzCgCjznvqiEOontq03aw=,O5h4NfYgfgkKnHjAAguKWoYAP7c=
-211,313,lkWkUfLzCgCjznvqiEOontq03aw=,O5h4NfYgfgkKnHjAAguKWoYAP7c=
-212,313,lkWkUfLzCgCjznvqiEOontq03aw=,O5h4NfYgfgkKnHjAAguKWoYAP7c=
-213,313,lkWkUfLzCgCjznvqiEOontq03aw=,O5h4NfYgfgkKnHjAAguKWoYAP7c=
-214,313,lkWkUfLzCgCjznvqiEOontq03aw=,O5h4NfYgfgkKnHjAAguKWoYAP7c=
-213,304,lkWkUfLzCgCjznvqiEOontq03aw=,O5h4NfYgfgkKnHjAAguKWoYAP7c=
-215,313,lkWkUfLzCgCjznvqiEOontq03aw=,O5h4NfYgfgkKnHjAAguKWoYAP7c=
-217,306,lkWkUfLzCgCjznvqiEOontq03aw=,O5h4NfYgfgkKnHjAAguKWoYAP7c=
-216,313,lkWkUfLzCgCjznvqiEOontq03aw=,O5h4NfYgfgkKnHjAAguKWoYAP7c=
-217,313,lkWkUfLzCgCjznvqiEOontq03aw=,O5h4NfYgfgkKnHjAAguKWoYAP7c=
-218,313,lkWkUfLzCgCjznvqiEOontq03aw=,O5h4NfYgfgkKnHjAAguKWoYAP7c=
-219,313,lkWkUfLzCgCjznvqiEOontq03aw=,O5h4NfYgfgkKnHjAAguKWoYAP7c=
-220,313,lkWkUfLzCgCjznvqiEOontq03aw=,O5h4NfYgfgkKnHjAAguKWoYAP7c=
-221,313,lkWkUfLzCgCjznvqiEOontq03aw=,O5h4NfYgfgkKnHjAAguKWoYAP7c=
-222,313,lkWkUfLzCgCjznvqiEOontq03aw=,O5h4NfYgfgkKnHjAAguKWoYAP7c=
-209,312,lkWkUfLzCgCjznvqiEOontq03aw=,O5h4NfYgfgkKnHjAAguKWoYAP7c=
-210,312,lkWkUfLzCgCjznvqiEOontq03aw=,O5h4NfYgfgkKnHjAAguKWoYAP7c=
-211,312,lkWkUfLzCgCjznvqiEOontq03aw=,O5h4NfYgfgkKnHjAAguKWoYAP7c=
-212,312,lkWkUfLzCgCjznvqiEOontq03aw=,O5h4NfYgfgkKnHjAAguKWoYAP7c=
-213,312,lkWkUfLzCgCjznvqiEOontq03aw=,O5h4NfYgfgkKnHjAAguKWoYAP7c=
-214,312,lkWkUfLzCgCjznvqiEOontq03aw=,O5h4NfYgfgkKnHjAAguKWoYAP7c=
-215,312,lkWkUfLzCgCjznvqiEOontq03aw=,O5h4NfYgfgkKnHjAAguKWoYAP7c=
-214,304,lkWkUfLzCgCjznvqiEOontq03aw=,O5h4NfYgfgkKnHjAAguKWoYAP7c=
-216,312,lkWkUfLzCgCjznvqiEOontq03aw=,O5h4NfYgfgkKnHjAAguKWoYAP7c=
-218,306,lkWkUfLzCgCjznvqiEOontq03aw=,O5h4NfYgfgkKnHjAAguKWoYAP7c=
-217,312,lkWkUfLzCgCjznvqiEOontq03aw=,O5h4NfYgfgkKnHjAAguKWoYAP7c=
-218,312,lkWkUfLzCgCjznvqiEOontq03aw=,O5h4NfYgfgkKnHjAAguKWoYAP7c=
-219,312,lkWkUfLzCgCjznvqiEOontq03aw=,O5h4NfYgfgkKnHjAAguKWoYAP7c=
-220,312,lkWkUfLzCgCjznvqiEOontq03aw=,O5h4NfYgfgkKnHjAAguKWoYAP7c=
-221,312,lkWkUfLzCgCjznvqiEOontq03aw=,O5h4NfYgfgkKnHjAAguKWoYAP7c=
-222,312,lkWkUfLzCgCjznvqiEOontq03aw=,O5h4NfYgfgkKnHjAAguKWoYAP7c=
-223,315,lkWkUfLzCgCjznvqiEOontq03aw=,O5h4NfYgfgkKnHjAAguKWoYAP7c=
-224,305,lkWkUfLzCgCjznvqiEOontq03aw=,O5h4NfYgfgkKnHjAAguKWoYAP7c=
-209,311,lkWkUfLzCgCjznvqiEOontq03aw=,O5h4NfYgfgkKnHjAAguKWoYAP7c=
-210,311,lkWkUfLzCgCjznvqiEOontq03aw=,O5h4NfYgfgkKnHjAAguKWoYAP7c=
-211,311,lkWkUfLzCgCjznvqiEOontq03aw=,O5h4NfYgfgkKnHjAAguKWoYAP7c=
-212,311,lkWkUfLzCgCjznvqiEOontq03aw=,O5h4NfYgfgkKnHjAAguKWoYAP7c=
-213,311,lkWkUfLzCgCjznvqiEOontq03aw=,O5h4NfYgfgkKnHjAAguKWoYAP7c=
-215,311,lkWkUfLzCgCjznvqiEOontq03aw=,O5h4NfYgfgkKnHjAAguKWoYAP7c=
-216,311,lkWkUfLzCgCjznvqiEOontq03aw=,O5h4NfYgfgkKnHjAAguKWoYAP7c=
-215,304,lkWkUfLzCgCjznvqiEOontq03aw=,O5h4NfYgfgkKnHjAAguKWoYAP7c=
-217,311,lkWkUfLzCgCjznvqiEOontq03aw=,O5h4NfYgfgkKnHjAAguKWoYAP7c=
-214,311,lkWkUfLzCgCjznvqiEOontq03aw=,O5h4NfYgfgkKnHjAAguKWoYAP7c=
-219,306,lkWkUfLzCgCjznvqiEOontq03aw=,O5h4NfYgfgkKnHjAAguKWoYAP7c=
-218,311,lkWkUfLzCgCjznvqiEOontq03aw=,O5h4NfYgfgkKnHjAAguKWoYAP7c=
-219,311,lkWkUfLzCgCjznvqiEOontq03aw=,O5h4NfYgfgkKnHjAAguKWoYAP7c=
-220,311,lkWkUfLzCgCjznvqiEOontq03aw=,O5h4NfYgfgkKnHjAAguKWoYAP7c=
-221,311,lkWkUfLzCgCjznvqiEOontq03aw=,O5h4NfYgfgkKnHjAAguKWoYAP7c=
-222,311,lkWkUfLzCgCjznvqiEOontq03aw=,O5h4NfYgfgkKnHjAAguKWoYAP7c=
-224,315,lkWkUfLzCgCjznvqiEOontq03aw=,O5h4NfYgfgkKnHjAAguKWoYAP7c=
-223,313,lkWkUfLzCgCjznvqiEOontq03aw=,O5h4NfYgfgkKnHjAAguKWoYAP7c=
-209,310,lkWkUfLzCgCjznvqiEOontq03aw=,O5h4NfYgfgkKnHjAAguKWoYAP7c=
-210,310,lkWkUfLzCgCjznvqiEOontq03aw=,O5h4NfYgfgkKnHjAAguKWoYAP7c=
-211,310,lkWkUfLzCgCjznvqiEOontq03aw=,O5h4NfYgfgkKnHjAAguKWoYAP7c=
-212,310,lkWkUfLzCgCjznvqiEOontq03aw=,O5h4NfYgfgkKnHjAAguKWoYAP7c=
-213,310,lkWkUfLzCgCjznvqiEOontq03aw=,O5h4NfYgfgkKnHjAAguKWoYAP7c=
-214,310,lkWkUfLzCgCjznvqiEOontq03aw=,O5h4NfYgfgkKnHjAAguKWoYAP7c=
-215,310,lkWkUfLzCgCjznvqiEOontq03aw=,O5h4NfYgfgkKnHjAAguKWoYAP7c=
-216,310,lkWkUfLzCgCjznvqiEOontq03aw=,O5h4NfYgfgkKnHjAAguKWoYAP7c=
-217,310,lkWkUfLzCgCjznvqiEOontq03aw=,O5h4NfYgfgkKnHjAAguKWoYAP7c=
-216,304,lkWkUfLzCgCjznvqiEOontq03aw=,O5h4NfYgfgkKnHjAAguKWoYAP7c=
-218,310,lkWkUfLzCgCjznvqiEOontq03aw=,O5h4NfYgfgkKnHjAAguKWoYAP7c=
-220,306,lkWkUfLzCgCjznvqiEOontq03aw=,O5h4NfYgfgkKnHjAAguKWoYAP7c=
-219,310,lkWkUfLzCgCjznvqiEOontq03aw=,O5h4NfYgfgkKnHjAAguKWoYAP7c=
-220,310,lkWkUfLzCgCjznvqiEOontq03aw=,O5h4NfYgfgkKnHjAAguKWoYAP7c=
-224,314,lkWkUfLzCgCjznvqiEOontq03aw=,O5h4NfYgfgkKnHjAAguKWoYAP7c=
-221,310,lkWkUfLzCgCjznvqiEOontq03aw=,O5h4NfYgfgkKnHjAAguKWoYAP7c=
-223,311,lkWkUfLzCgCjznvqiEOontq03aw=,O5h4NfYgfgkKnHjAAguKWoYAP7c=
-224,313,lkWkUfLzCgCjznvqiEOontq03aw=,O5h4NfYgfgkKnHjAAguKWoYAP7c=
-209,309,lkWkUfLzCgCjznvqiEOontq03aw=,O5h4NfYgfgkKnHjAAguKWoYAP7c=
-211,309,lkWkUfLzCgCjznvqiEOontq03aw=,O5h4NfYgfgkKnHjAAguKWoYAP7c=
-212,309,lkWkUfLzCgCjznvqiEOontq03aw=,O5h4NfYgfgkKnHjAAguKWoYAP7c=
-213,309,lkWkUfLzCgCjznvqiEOontq03aw=,O5h4NfYgfgkKnHjAAguKWoYAP7c=
-214,309,lkWkUfLzCgCjznvqiEOontq03aw=,O5h4NfYgfgkKnHjAAguKWoYAP7c=
-210,309,lkWkUfLzCgCjznvqiEOontq03aw=,O5h4NfYgfgkKnHjAAguKWoYAP7c=
-215,309,lkWkUfLzCgCjznvqiEOontq03aw=,O5h4NfYgfgkKnHjAAguKWoYAP7c=
-216,309,lkWkUfLzCgCjznvqiEOontq03aw=,O5h4NfYgfgkKnHjAAguKWoYAP7c=
-217,309,lkWkUfLzCgCjznvqiEOontq03aw=,O5h4NfYgfgkKnHjAAguKWoYAP7c=
-218,309,lkWkUfLzCgCjznvqiEOontq03aw=,O5h4NfYgfgkKnHjAAguKWoYAP7c=
-217,304,lkWkUfLzCgCjznvqiEOontq03aw=,O5h4NfYgfgkKnHjAAguKWoYAP7c=
-219,309,lkWkUfLzCgCjznvqiEOontq03aw=,O5h4NfYgfgkKnHjAAguKWoYAP7c=
-221,306,lkWkUfLzCgCjznvqiEOontq03aw=,O5h4NfYgfgkKnHjAAguKWoYAP7c=
-220,309,lkWkUfLzCgCjznvqiEOontq03aw=,O5h4NfYgfgkKnHjAAguKWoYAP7c=
-221,309,lkWkUfLzCgCjznvqiEOontq03aw=,O5h4NfYgfgkKnHjAAguKWoYAP7c=
-222,309,lkWkUfLzCgCjznvqiEOontq03aw=,O5h4NfYgfgkKnHjAAguKWoYAP7c=
-224,311,lkWkUfLzCgCjznvqiEOontq03aw=,O5h4NfYgfgkKnHjAAguKWoYAP7c=
-224,307,lkWkUfLzCgCjznvqiEOontq03aw=,O5h4NfYgfgkKnHjAAguKWoYAP7c=
-223,312,lkWkUfLzCgCjznvqiEOontq03aw=,O5h4NfYgfgkKnHjAAguKWoYAP7c=
-218,304,lkWkUfLzCgCjznvqiEOontq03aw=,O5h4NfYgfgkKnHjAAguKWoYAP7c=
-209,308,lkWkUfLzCgCjznvqiEOontq03aw=,O5h4NfYgfgkKnHjAAguKWoYAP7c=
-210,308,lkWkUfLzCgCjznvqiEOontq03aw=,O5h4NfYgfgkKnHjAAguKWoYAP7c=
-211,308,lkWkUfLzCgCjznvqiEOontq03aw=,O5h4NfYgfgkKnHjAAguKWoYAP7c=
-212,308,lkWkUfLzCgCjznvqiEOontq03aw=,O5h4NfYgfgkKnHjAAguKWoYAP7c=
-213,308,lkWkUfLzCgCjznvqiEOontq03aw=,O5h4NfYgfgkKnHjAAguKWoYAP7c=
-214,308,lkWkUfLzCgCjznvqiEOontq03aw=,O5h4NfYgfgkKnHjAAguKWoYAP7c=
-215,308,lkWkUfLzCgCjznvqiEOontq03aw=,O5h4NfYgfgkKnHjAAguKWoYAP7c=
-216,308,lkWkUfLzCgCjznvqiEOontq03aw=,O5h4NfYgfgkKnHjAAguKWoYAP7c=
-217,308,lkWkUfLzCgCjznvqiEOontq03aw=,O5h4NfYgfgkKnHjAAguKWoYAP7c=
-224,318,lkWkUfLzCgCjznvqiEOontq03aw=,O5h4NfYgfgkKnHjAAguKWoYAP7c=
-219,308,lkWkUfLzCgCjznvqiEOontq03aw=,O5h4NfYgfgkKnHjAAguKWoYAP7c=
-220,308,lkWkUfLzCgCjznvqiEOontq03aw=,O5h4NfYgfgkKnHjAAguKWoYAP7c=
-219,304,lkWkUfLzCgCjznvqiEOontq03aw=,O5h4NfYgfgkKnHjAAguKWoYAP7c=
-218,308,lkWkUfLzCgCjznvqiEOontq03aw=,O5h4NfYgfgkKnHjAAguKWoYAP7c=
-222,306,lkWkUfLzCgCjznvqiEOontq03aw=,O5h4NfYgfgkKnHjAAguKWoYAP7c=
-222,308,lkWkUfLzCgCjznvqiEOontq03aw=,O5h4NfYgfgkKnHjAAguKWoYAP7c=
-221,308,lkWkUfLzCgCjznvqiEOontq03aw=,O5h4NfYgfgkKnHjAAguKWoYAP7c=
-222,310,lkWkUfLzCgCjznvqiEOontq03aw=,O5h4NfYgfgkKnHjAAguKWoYAP7c=
-224,310,lkWkUfLzCgCjznvqiEOontq03aw=,O5h4NfYgfgkKnHjAAguKWoYAP7c=
-209,307,lkWkUfLzCgCjznvqiEOontq03aw=,O5h4NfYgfgkKnHjAAguKWoYAP7c=
-210,307,lkWkUfLzCgCjznvqiEOontq03aw=,O5h4NfYgfgkKnHjAAguKWoYAP7c=
-211,307,lkWkUfLzCgCjznvqiEOontq03aw=,O5h4NfYgfgkKnHjAAguKWoYAP7c=
-212,307,lkWkUfLzCgCjznvqiEOontq03aw=,O5h4NfYgfgkKnHjAAguKWoYAP7c=
-213,307,lkWkUfLzCgCjznvqiEOontq03aw=,O5h4NfYgfgkKnHjAAguKWoYAP7c=
-214,307,lkWkUfLzCgCjznvqiEOontq03aw=,O5h4NfYgfgkKnHjAAguKWoYAP7c=
-215,307,lkWkUfLzCgCjznvqiEOontq03aw=,O5h4NfYgfgkKnHjAAguKWoYAP7c=
-216,307,lkWkUfLzCgCjznvqiEOontq03aw=,O5h4NfYgfgkKnHjAAguKWoYAP7c=
-217,307,lkWkUfLzCgCjznvqiEOontq03aw=,O5h4NfYgfgkKnHjAAguKWoYAP7c=
-218,307,lkWkUfLzCgCjznvqiEOontq03aw=,O5h4NfYgfgkKnHjAAguKWoYAP7c=
-219,307,lkWkUfLzCgCjznvqiEOontq03aw=,O5h4NfYgfgkKnHjAAguKWoYAP7c=
-220,307,lkWkUfLzCgCjznvqiEOontq03aw=,O5h4NfYgfgkKnHjAAguKWoYAP7c=
-221,307,lkWkUfLzCgCjznvqiEOontq03aw=,O5h4NfYgfgkKnHjAAguKWoYAP7c=
-220,304,lkWkUfLzCgCjznvqiEOontq03aw=,O5h4NfYgfgkKnHjAAguKWoYAP7c=
-223,307,lkWkUfLzCgCjznvqiEOontq03aw=,O5h4NfYgfgkKnHjAAguKWoYAP7c=
-222,307,lkWkUfLzCgCjznvqiEOontq03aw=,O5h4NfYgfgkKnHjAAguKWoYAP7c=
-223,306,lkWkUfLzCgCjznvqiEOontq03aw=,O5h4NfYgfgkKnHjAAguKWoYAP7c=
-223,310,lkWkUfLzCgCjznvqiEOontq03aw=,O5h4NfYgfgkKnHjAAguKWoYAP7c=
-223,309,lkWkUfLzCgCjznvqiEOontq03aw=,O5h4NfYgfgkKnHjAAguKWoYAP7c=
-224,306,lkWkUfLzCgCjznvqiEOontq03aw=,O5h4NfYgfgkKnHjAAguKWoYAP7c=
-224,309,lkWkUfLzCgCjznvqiEOontq03aw=,O5h4NfYgfgkKnHjAAguKWoYAP7c=
-224,312,lkWkUfLzCgCjznvqiEOontq03aw=,O5h4NfYgfgkKnHjAAguKWoYAP7c=
-224,308,lkWkUfLzCgCjznvqiEOontq03aw=,O5h4NfYgfgkKnHjAAguKWoYAP7c=
-223,308,lkWkUfLzCgCjznvqiEOontq03aw=,O5h4NfYgfgkKnHjAAguKWoYAP7c=
