127,-1,F+kZSLQoH0EOw+nBdE36RLb0m1s=,cXj+ydjXCNp2/CAABevuQAzi+zA=
125,-14,gYMNikBRz1j6tFsHN4A0PvuaN9c=,cXj+ydjXCNp2/CAABevuQAzi+zA=
126,-1,gYMNikBRz1j6tFsHN4A0PvuaN9c=,cXj+ydjXCNp2/CAABevuQAzi+zA=
125,-1,gYMNikBRz1j6tFsHN4A0PvuaN9c=,cXj+ydjXCNp2/CAABevuQAzi+zA=
122,-1,gYMNikBRz1j6tFsHN4A0PvuaN9c=,cXj+ydjXCNp2/CAABevuQAzi+zA=
112,-16,gYMNikBRz1j6tFsHN4A0PvuaN9c=,cXj+ydjXCNp2/CAABevuQAzi+zA=
126,-14,gYMNikBRz1j6tFsHN4A0PvuaN9c=,cXj+ydjXCNp2/CAABevuQAzi+zA=
115,-16,gYMNikBRz1j6tFsHN4A0PvuaN9c=,cXj+ydjXCNp2/CAABevuQAzi+zA=
123,-1,gYMNikBRz1j6tFsHN4A0PvuaN9c=,cXj+ydjXCNp2/CAABevuQAzi+zA=
124,-1,gYMNikBRz1j6tFsHN4A0PvuaN9c=,cXj+ydjXCNp2/CAABevuQAzi+zA=
127,-14,gYMNikBRz1j6tFsHN4A0PvuaN9c=,cXj+ydjXCNp2/CAABevuQAzi+zA=
120,-1,gYMNikBRz1j6tFsHN4A0PvuaN9c=,cXj+ydjXCNp2/CAABevuQAzi+zA=
115,-1,gYMNikBRz1j6tFsHN4A0PvuaN9c=,cXj+ydjXCNp2/CAABevuQAzi+zA=
119,-1,gYMNikBRz1j6tFsHN4A0PvuaN9c=,cXj+ydjXCNp2/CAABevuQAzi+zA=
113,-15,gYMNikBRz1j6tFsHN4A0PvuaN9c=,cXj+ydjXCNp2/CAABevuQAzi+zA=
127,-15,gYMNikBRz1j6tFsHN4A0PvuaN9c=,cXj+ydjXCNp2/CAABevuQAzi+zA=
118,-1,gYMNikBRz1j6tFsHN4A0PvuaN9c=,cXj+ydjXCNp2/CAABevuQAzi+zA=
125,-15,gYMNikBRz1j6tFsHN4A0PvuaN9c=,cXj+ydjXCNp2/CAABevuQAzi+zA=
124,-15,gYMNikBRz1j6tFsHN4A0PvuaN9c=,cXj+ydjXCNp2/CAABevuQAzi+zA=
123,-15,gYMNikBRz1j6tFsHN4A0PvuaN9c=,cXj+ydjXCNp2/CAABevuQAzi+zA=
116,-1,gYMNikBRz1j6tFsHN4A0PvuaN9c=,cXj+ydjXCNp2/CAABevuQAzi+zA=
121,-1,gYMNikBRz1j6tFsHN4A0PvuaN9c=,cXj+ydjXCNp2/CAABevuQAzi+zA=
120,-15,gYMNikBRz1j6tFsHN4A0PvuaN9c=,cXj+ydjXCNp2/CAABevuQAzi+zA=
119,-15,gYMNikBRz1j6tFsHN4A0PvuaN9c=,cXj+ydjXCNp2/CAABevuQAzi+zA=
117,-15,gYMNikBRz1j6tFsHN4A0PvuaN9c=,cXj+ydjXCNp2/CAABevuQAzi+zA=
114,-1,gYMNikBRz1j6tFsHN4A0PvuaN9c=,cXj+ydjXCNp2/CAABevuQAzi+zA=
126,-15,gYMNikBRz1j6tFsHN4A0PvuaN9c=,cXj+ydjXCNp2/CAABevuQAzi+zA=
127,-2,gYMNikBRz1j6tFsHN4A0PvuaN9c=,cXj+ydjXCNp2/CAABevuQAzi+zA=
122,-15,gYMNikBRz1j6tFsHN4A0PvuaN9c=,cXj+ydjXCNp2/CAABevuQAzi+zA=
114,-15,gYMNikBRz1j6tFsHN4A0PvuaN9c=,cXj+ydjXCNp2/CAABevuQAzi+zA=
126,-2,gYMNikBRz1j6tFsHN4A0PvuaN9c=,cXj+ydjXCNp2/CAABevuQAzi+zA=
115,-15,gYMNikBRz1j6tFsHN4A0PvuaN9c=,cXj+ydjXCNp2/CAABevuQAzi+zA=
117,-1,gYMNikBRz1j6tFsHN4A0PvuaN9c=,cXj+ydjXCNp2/CAABevuQAzi+zA=
125,-2,gYMNikBRz1j6tFsHN4A0PvuaN9c=,cXj+ydjXCNp2/CAABevuQAzi+zA=
124,-2,gYMNikBRz1j6tFsHN4A0PvuaN9c=,cXj+ydjXCNp2/CAABevuQAzi+zA=
123,-2,gYMNikBRz1j6tFsHN4A0PvuaN9c=,cXj+ydjXCNp2/CAABevuQAzi+zA=
122,-2,gYMNikBRz1j6tFsHN4A0PvuaN9c=,cXj+ydjXCNp2/CAABevuQAzi+zA=
121,-2,gYMNikBRz1j6tFsHN4A0PvuaN9c=,cXj+ydjXCNp2/CAABevuQAzi+zA=
120,-2,gYMNikBRz1j6tFsHN4A0PvuaN9c=,cXj+ydjXCNp2/CAABevuQAzi+zA=
118,-15,gYMNikBRz1j6tFsHN4A0PvuaN9c=,cXj+ydjXCNp2/CAABevuQAzi+zA=
112,-13,gYMNikBRz1j6tFsHN4A0PvuaN9c=,cXj+ydjXCNp2/CAABevuQAzi+zA=
116,-15,gYMNikBRz1j6tFsHN4A0PvuaN9c=,cXj+ydjXCNp2/CAABevuQAzi+zA=
112,-1,gYMNikBRz1j6tFsHN4A0PvuaN9c=,cXj+ydjXCNp2/CAABevuQAzi+zA=
113,-1,gYMNikBRz1j6tFsHN4A0PvuaN9c=,cXj+ydjXCNp2/CAABevuQAzi+zA=
124,-14,gYMNikBRz1j6tFsHN4A0PvuaN9c=,cXj+ydjXCNp2/CAABevuQAzi+zA=
121,-15,gYMNikBRz1j6tFsHN4A0PvuaN9c=,cXj+ydjXCNp2/CAABevuQAzi+zA=
113,-13,gYMNikBRz1j6tFsHN4A0PvuaN9c=,cXj+ydjXCNp2/CAABevuQAzi+zA=
115,-2,gYMNikBRz1j6tFsHN4A0PvuaN9c=,cXj+ydjXCNp2/CAABevuQAzi+zA=
114,-13,gYMNikBRz1j6tFsHN4A0PvuaN9c=,cXj+ydjXCNp2/CAABevuQAzi+zA=
112,-14,gYMNikBRz1j6tFsHN4A0PvuaN9c=,cXj+ydjXCNp2/CAABevuQAzi+zA=
114,-16,gYMNikBRz1j6tFsHN4A0PvuaN9c=,cXj+ydjXCNp2/CAABevuQAzi+zA=
113,-2,gYMNikBRz1j6tFsHN4A0PvuaN9c=,cXj+ydjXCNp2/CAABevuQAzi+zA=
127,-3,gYMNikBRz1j6tFsHN4A0PvuaN9c=,cXj+ydjXCNp2/CAABevuQAzi+zA=
126,-3,gYMNikBRz1j6tFsHN4A0PvuaN9c=,cXj+ydjXCNp2/CAABevuQAzi+zA=
119,-2,gYMNikBRz1j6tFsHN4A0PvuaN9c=,cXj+ydjXCNp2/CAABevuQAzi+zA=
125,-3,gYMNikBRz1j6tFsHN4A0PvuaN9c=,cXj+ydjXCNp2/CAABevuQAzi+zA=
117,-2,gYMNikBRz1j6tFsHN4A0PvuaN9c=,cXj+ydjXCNp2/CAABevuQAzi+zA=
116,-2,gYMNikBRz1j6tFsHN4A0PvuaN9c=,cXj+ydjXCNp2/CAABevuQAzi+zA=
123,-3,gYMNikBRz1j6tFsHN4A0PvuaN9c=,cXj+ydjXCNp2/CAABevuQAzi+zA=
122,-3,gYMNikBRz1j6tFsHN4A0PvuaN9c=,cXj+ydjXCNp2/CAABevuQAzi+zA=
121,-3,gYMNikBRz1j6tFsHN4A0PvuaN9c=,cXj+ydjXCNp2/CAABevuQAzi+zA=
112,-2,gYMNikBRz1j6tFsHN4A0PvuaN9c=,cXj+ydjXCNp2/CAABevuQAzi+zA=
118,-2,gYMNikBRz1j6tFsHN4A0PvuaN9c=,cXj+ydjXCNp2/CAABevuQAzi+zA=
112,-15,gYMNikBRz1j6tFsHN4A0PvuaN9c=,cXj+ydjXCNp2/CAABevuQAzi+zA=
127,-16,gYMNikBRz1j6tFsHN4A0PvuaN9c=,cXj+ydjXCNp2/CAABevuQAzi+zA=
114,-2,gYMNikBRz1j6tFsHN4A0PvuaN9c=,cXj+ydjXCNp2/CAABevuQAzi+zA=
123,-14,gYMNikBRz1j6tFsHN4A0PvuaN9c=,cXj+ydjXCNp2/CAABevuQAzi+zA=
124,-3,gYMNikBRz1j6tFsHN4A0PvuaN9c=,cXj+ydjXCNp2/CAABevuQAzi+zA=
120,-3,gYMNikBRz1j6tFsHN4A0PvuaN9c=,cXj+ydjXCNp2/CAABevuQAzi+zA=
119,-3,gYMNikBRz1j6tFsHN4A0PvuaN9c=,cXj+ydjXCNp2/CAABevuQAzi+zA=
117,-3,gYMNikBRz1j6tFsHN4A0PvuaN9c=,cXj+ydjXCNp2/CAABevuQAzi+zA=
127,-4,gYMNikBRz1j6tFsHN4A0PvuaN9c=,cXj+ydjXCNp2/CAABevuQAzi+zA=
126,-4,gYMNikBRz1j6tFsHN4A0PvuaN9c=,cXj+ydjXCNp2/CAABevuQAzi+zA=
125,-4,gYMNikBRz1j6tFsHN4A0PvuaN9c=,cXj+ydjXCNp2/CAABevuQAzi+zA=
116,-3,gYMNikBRz1j6tFsHN4A0PvuaN9c=,cXj+ydjXCNp2/CAABevuQAzi+zA=
124,-4,gYMNikBRz1j6tFsHN4A0PvuaN9c=,cXj+ydjXCNp2/CAABevuQAzi+zA=
113,-16,gYMNikBRz1j6tFsHN4A0PvuaN9c=,cXj+ydjXCNp2/CAABevuQAzi+zA=
123,-4,gYMNikBRz1j6tFsHN4A0PvuaN9c=,cXj+ydjXCNp2/CAABevuQAzi+zA=
122,-4,gYMNikBRz1j6tFsHN4A0PvuaN9c=,cXj+ydjXCNp2/CAABevuQAzi+zA=
121,-4,gYMNikBRz1j6tFsHN4A0PvuaN9c=,cXj+ydjXCNp2/CAABevuQAzi+zA=
113,-3,gYMNikBRz1j6tFsHN4A0PvuaN9c=,cXj+ydjXCNp2/CAABevuQAzi+zA=
119,-4,gYMNikBRz1j6tFsHN4A0PvuaN9c=,cXj+ydjXCNp2/CAABevuQAzi+zA=
118,-4,gYMNikBRz1j6tFsHN4A0PvuaN9c=,cXj+ydjXCNp2/CAABevuQAzi+zA=
126,-16,gYMNikBRz1j6tFsHN4A0PvuaN9c=,cXj+ydjXCNp2/CAABevuQAzi+zA=
116,-4,gYMNikBRz1j6tFsHN4A0PvuaN9c=,cXj+ydjXCNp2/CAABevuQAzi+zA=
115,-4,gYMNikBRz1j6tFsHN4A0PvuaN9c=,cXj+ydjXCNp2/CAABevuQAzi+zA=
114,-4,gYMNikBRz1j6tFsHN4A0PvuaN9c=,cXj+ydjXCNp2/CAABevuQAzi+zA=
118,-3,gYMNikBRz1j6tFsHN4A0PvuaN9c=,cXj+ydjXCNp2/CAABevuQAzi+zA=
114,-3,gYMNikBRz1j6tFsHN4A0PvuaN9c=,cXj+ydjXCNp2/CAABevuQAzi+zA=
127,-5,gYMNikBRz1j6tFsHN4A0PvuaN9c=,cXj+ydjXCNp2/CAABevuQAzi+zA=
126,-5,gYMNikBRz1j6tFsHN4A0PvuaN9c=,cXj+ydjXCNp2/CAABevuQAzi+zA=
125,-5,gYMNikBRz1j6tFsHN4A0PvuaN9c=,cXj+ydjXCNp2/CAABevuQAzi+zA=
112,-3,gYMNikBRz1j6tFsHN4A0PvuaN9c=,cXj+ydjXCNp2/CAABevuQAzi+zA=
115,-3,gYMNikBRz1j6tFsHN4A0PvuaN9c=,cXj+ydjXCNp2/CAABevuQAzi+zA=
120,-4,gYMNikBRz1j6tFsHN4A0PvuaN9c=,cXj+ydjXCNp2/CAABevuQAzi+zA=
122,-14,gYMNikBRz1j6tFsHN4A0PvuaN9c=,cXj+ydjXCNp2/CAABevuQAzi+zA=
117,-4,gYMNikBRz1j6tFsHN4A0PvuaN9c=,cXj+ydjXCNp2/CAABevuQAzi+zA=
116,-16,gYMNikBRz1j6tFsHN4A0PvuaN9c=,cXj+ydjXCNp2/CAABevuQAzi+zA=
115,-13,gYMNikBRz1j6tFsHN4A0PvuaN9c=,cXj+ydjXCNp2/CAABevuQAzi+zA=
112,-4,gYMNikBRz1j6tFsHN4A0PvuaN9c=,cXj+ydjXCNp2/CAABevuQAzi+zA=
124,-5,gYMNikBRz1j6tFsHN4A0PvuaN9c=,cXj+ydjXCNp2/CAABevuQAzi+zA=
119,-5,gYMNikBRz1j6tFsHN4A0PvuaN9c=,cXj+ydjXCNp2/CAABevuQAzi+zA=
123,-5,gYMNikBRz1j6tFsHN4A0PvuaN9c=,cXj+ydjXCNp2/CAABevuQAzi+zA=
121,-5,gYMNikBRz1j6tFsHN4A0PvuaN9c=,cXj+ydjXCNp2/CAABevuQAzi+zA=
120,-5,gYMNikBRz1j6tFsHN4A0PvuaN9c=,cXj+ydjXCNp2/CAABevuQAzi+zA=
117,-5,gYMNikBRz1j6tFsHN4A0PvuaN9c=,cXj+ydjXCNp2/CAABevuQAzi+zA=
118,-5,gYMNikBRz1j6tFsHN4A0PvuaN9c=,cXj+ydjXCNp2/CAABevuQAzi+zA=
113,-4,gYMNikBRz1j6tFsHN4A0PvuaN9c=,cXj+ydjXCNp2/CAABevuQAzi+zA=
122,-5,gYMNikBRz1j6tFsHN4A0PvuaN9c=,cXj+ydjXCNp2/CAABevuQAzi+zA=
127,-6,gYMNikBRz1j6tFsHN4A0PvuaN9c=,cXj+ydjXCNp2/CAABevuQAzi+zA=
126,-6,gYMNikBRz1j6tFsHN4A0PvuaN9c=,cXj+ydjXCNp2/CAABevuQAzi+zA=
125,-6,gYMNikBRz1j6tFsHN4A0PvuaN9c=,cXj+ydjXCNp2/CAABevuQAzi+zA=
121,-14,gYMNikBRz1j6tFsHN4A0PvuaN9c=,cXj+ydjXCNp2/CAABevuQAzi+zA=
125,-16,gYMNikBRz1j6tFsHN4A0PvuaN9c=,cXj+ydjXCNp2/CAABevuQAzi+zA=
116,-13,gYMNikBRz1j6tFsHN4A0PvuaN9c=,cXj+ydjXCNp2/CAABevuQAzi+zA=
114,-5,gYMNikBRz1j6tFsHN4A0PvuaN9c=,cXj+ydjXCNp2/CAABevuQAzi+zA=
115,-5,gYMNikBRz1j6tFsHN4A0PvuaN9c=,cXj+ydjXCNp2/CAABevuQAzi+zA=
113,-5,gYMNikBRz1j6tFsHN4A0PvuaN9c=,cXj+ydjXCNp2/CAABevuQAzi+zA=
112,-5,gYMNikBRz1j6tFsHN4A0PvuaN9c=,cXj+ydjXCNp2/CAABevuQAzi+zA=
123,-6,gYMNikBRz1j6tFsHN4A0PvuaN9c=,cXj+ydjXCNp2/CAABevuQAzi+zA=
120,-14,gYMNikBRz1j6tFsHN4A0PvuaN9c=,cXj+ydjXCNp2/CAABevuQAzi+zA=
116,-5,gYMNikBRz1j6tFsHN4A0PvuaN9c=,cXj+ydjXCNp2/CAABevuQAzi+zA=
120,-6,gYMNikBRz1j6tFsHN4A0PvuaN9c=,cXj+ydjXCNp2/CAABevuQAzi+zA=
124,-6,gYMNikBRz1j6tFsHN4A0PvuaN9c=,cXj+ydjXCNp2/CAABevuQAzi+zA=
117,-13,gYMNikBRz1j6tFsHN4A0PvuaN9c=,cXj+ydjXCNp2/CAABevuQAzi+zA=
124,-16,gYMNikBRz1j6tFsHN4A0PvuaN9c=,cXj+ydjXCNp2/CAABevuQAzi+zA=
122,-6,gYMNikBRz1j6tFsHN4A0PvuaN9c=,cXj+ydjXCNp2/CAABevuQAzi+zA=
114,-6,gYMNikBRz1j6tFsHN4A0PvuaN9c=,cXj+ydjXCNp2/CAABevuQAzi+zA=
117,-6,gYMNikBRz1j6tFsHN4A0PvuaN9c=,cXj+ydjXCNp2/CAABevuQAzi+zA=
115,-6,gYMNikBRz1j6tFsHN4A0PvuaN9c=,cXj+ydjXCNp2/CAABevuQAzi+zA=
126,-7,gYMNikBRz1j6tFsHN4A0PvuaN9c=,cXj+ydjXCNp2/CAABevuQAzi+zA=
125,-7,gYMNikBRz1j6tFsHN4A0PvuaN9c=,cXj+ydjXCNp2/CAABevuQAzi+zA=
113,-6,gYMNikBRz1j6tFsHN4A0PvuaN9c=,cXj+ydjXCNp2/CAABevuQAzi+zA=
124,-7,gYMNikBRz1j6tFsHN4A0PvuaN9c=,cXj+ydjXCNp2/CAABevuQAzi+zA=
127,-7,gYMNikBRz1j6tFsHN4A0PvuaN9c=,cXj+ydjXCNp2/CAABevuQAzi+zA=
122,-7,gYMNikBRz1j6tFsHN4A0PvuaN9c=,cXj+ydjXCNp2/CAABevuQAzi+zA=
121,-7,gYMNikBRz1j6tFsHN4A0PvuaN9c=,cXj+ydjXCNp2/CAABevuQAzi+zA=
119,-14,gYMNikBRz1j6tFsHN4A0PvuaN9c=,cXj+ydjXCNp2/CAABevuQAzi+zA=
120,-7,gYMNikBRz1j6tFsHN4A0PvuaN9c=,cXj+ydjXCNp2/CAABevuQAzi+zA=
119,-7,gYMNikBRz1j6tFsHN4A0PvuaN9c=,cXj+ydjXCNp2/CAABevuQAzi+zA=
119,-6,gYMNikBRz1j6tFsHN4A0PvuaN9c=,cXj+ydjXCNp2/CAABevuQAzi+zA=
118,-6,gYMNikBRz1j6tFsHN4A0PvuaN9c=,cXj+ydjXCNp2/CAABevuQAzi+zA=
116,-6,gYMNikBRz1j6tFsHN4A0PvuaN9c=,cXj+ydjXCNp2/CAABevuQAzi+zA=
112,-6,gYMNikBRz1j6tFsHN4A0PvuaN9c=,cXj+ydjXCNp2/CAABevuQAzi+zA=
123,-7,gYMNikBRz1j6tFsHN4A0PvuaN9c=,cXj+ydjXCNp2/CAABevuQAzi+zA=
121,-6,gYMNikBRz1j6tFsHN4A0PvuaN9c=,cXj+ydjXCNp2/CAABevuQAzi+zA=
112,-7,gYMNikBRz1j6tFsHN4A0PvuaN9c=,cXj+ydjXCNp2/CAABevuQAzi+zA=
118,-7,gYMNikBRz1j6tFsHN4A0PvuaN9c=,cXj+ydjXCNp2/CAABevuQAzi+zA=
126,-8,gYMNikBRz1j6tFsHN4A0PvuaN9c=,cXj+ydjXCNp2/CAABevuQAzi+zA=
125,-8,gYMNikBRz1j6tFsHN4A0PvuaN9c=,cXj+ydjXCNp2/CAABevuQAzi+zA=
116,-7,gYMNikBRz1j6tFsHN4A0PvuaN9c=,cXj+ydjXCNp2/CAABevuQAzi+zA=
117,-7,gYMNikBRz1j6tFsHN4A0PvuaN9c=,cXj+ydjXCNp2/CAABevuQAzi+zA=
122,-8,gYMNikBRz1j6tFsHN4A0PvuaN9c=,cXj+ydjXCNp2/CAABevuQAzi+zA=
121,-8,gYMNikBRz1j6tFsHN4A0PvuaN9c=,cXj+ydjXCNp2/CAABevuQAzi+zA=
118,-13,gYMNikBRz1j6tFsHN4A0PvuaN9c=,cXj+ydjXCNp2/CAABevuQAzi+zA=
115,-7,gYMNikBRz1j6tFsHN4A0PvuaN9c=,cXj+ydjXCNp2/CAABevuQAzi+zA=
120,-8,gYMNikBRz1j6tFsHN4A0PvuaN9c=,cXj+ydjXCNp2/CAABevuQAzi+zA=
114,-7,gYMNikBRz1j6tFsHN4A0PvuaN9c=,cXj+ydjXCNp2/CAABevuQAzi+zA=
113,-7,gYMNikBRz1j6tFsHN4A0PvuaN9c=,cXj+ydjXCNp2/CAABevuQAzi+zA=
123,-16,gYMNikBRz1j6tFsHN4A0PvuaN9c=,cXj+ydjXCNp2/CAABevuQAzi+zA=
117,-8,gYMNikBRz1j6tFsHN4A0PvuaN9c=,cXj+ydjXCNp2/CAABevuQAzi+zA=
127,-8,gYMNikBRz1j6tFsHN4A0PvuaN9c=,cXj+ydjXCNp2/CAABevuQAzi+zA=
123,-8,gYMNikBRz1j6tFsHN4A0PvuaN9c=,cXj+ydjXCNp2/CAABevuQAzi+zA=
122,-16,gYMNikBRz1j6tFsHN4A0PvuaN9c=,cXj+ydjXCNp2/CAABevuQAzi+zA=
119,-13,gYMNikBRz1j6tFsHN4A0PvuaN9c=,cXj+ydjXCNp2/CAABevuQAzi+zA=
119,-8,gYMNikBRz1j6tFsHN4A0PvuaN9c=,cXj+ydjXCNp2/CAABevuQAzi+zA=
113,-8,gYMNikBRz1j6tFsHN4A0PvuaN9c=,cXj+ydjXCNp2/CAABevuQAzi+zA=
112,-8,gYMNikBRz1j6tFsHN4A0PvuaN9c=,cXj+ydjXCNp2/CAABevuQAzi+zA=
126,-9,gYMNikBRz1j6tFsHN4A0PvuaN9c=,cXj+ydjXCNp2/CAABevuQAzi+zA=
125,-9,gYMNikBRz1j6tFsHN4A0PvuaN9c=,cXj+ydjXCNp2/CAABevuQAzi+zA=
124,-9,gYMNikBRz1j6tFsHN4A0PvuaN9c=,cXj+ydjXCNp2/CAABevuQAzi+zA=
118,-14,gYMNikBRz1j6tFsHN4A0PvuaN9c=,cXj+ydjXCNp2/CAABevuQAzi+zA=
115,-8,gYMNikBRz1j6tFsHN4A0PvuaN9c=,cXj+ydjXCNp2/CAABevuQAzi+zA=
121,-9,gYMNikBRz1j6tFsHN4A0PvuaN9c=,cXj+ydjXCNp2/CAABevuQAzi+zA=
120,-13,gYMNikBRz1j6tFsHN4A0PvuaN9c=,cXj+ydjXCNp2/CAABevuQAzi+zA=
120,-9,gYMNikBRz1j6tFsHN4A0PvuaN9c=,cXj+ydjXCNp2/CAABevuQAzi+zA=
118,-8,gYMNikBRz1j6tFsHN4A0PvuaN9c=,cXj+ydjXCNp2/CAABevuQAzi+zA=
121,-13,gYMNikBRz1j6tFsHN4A0PvuaN9c=,cXj+ydjXCNp2/CAABevuQAzi+zA=
124,-8,gYMNikBRz1j6tFsHN4A0PvuaN9c=,cXj+ydjXCNp2/CAABevuQAzi+zA=
116,-8,gYMNikBRz1j6tFsHN4A0PvuaN9c=,cXj+ydjXCNp2/CAABevuQAzi+zA=
114,-8,gYMNikBRz1j6tFsHN4A0PvuaN9c=,cXj+ydjXCNp2/CAABevuQAzi+zA=
127,-9,gYMNikBRz1j6tFsHN4A0PvuaN9c=,cXj+ydjXCNp2/CAABevuQAzi+zA=
122,-9,gYMNikBRz1j6tFsHN4A0PvuaN9c=,cXj+ydjXCNp2/CAABevuQAzi+zA=
123,-9,gYMNikBRz1j6tFsHN4A0PvuaN9c=,cXj+ydjXCNp2/CAABevuQAzi+zA=
119,-9,gYMNikBRz1j6tFsHN4A0PvuaN9c=,cXj+ydjXCNp2/CAABevuQAzi+zA=
117,-14,gYMNikBRz1j6tFsHN4A0PvuaN9c=,cXj+ydjXCNp2/CAABevuQAzi+zA=
117,-9,gYMNikBRz1j6tFsHN4A0PvuaN9c=,cXj+ydjXCNp2/CAABevuQAzi+zA=
127,-10,gYMNikBRz1j6tFsHN4A0PvuaN9c=,cXj+ydjXCNp2/CAABevuQAzi+zA=
115,-9,gYMNikBRz1j6tFsHN4A0PvuaN9c=,cXj+ydjXCNp2/CAABevuQAzi+zA=
125,-10,gYMNikBRz1j6tFsHN4A0PvuaN9c=,cXj+ydjXCNp2/CAABevuQAzi+zA=
113,-9,gYMNikBRz1j6tFsHN4A0PvuaN9c=,cXj+ydjXCNp2/CAABevuQAzi+zA=
123,-10,gYMNikBRz1j6tFsHN4A0PvuaN9c=,cXj+ydjXCNp2/CAABevuQAzi+zA=
118,-9,gYMNikBRz1j6tFsHN4A0PvuaN9c=,cXj+ydjXCNp2/CAABevuQAzi+zA=
126,-10,gYMNikBRz1j6tFsHN4A0PvuaN9c=,cXj+ydjXCNp2/CAABevuQAzi+zA=
116,-9,gYMNikBRz1j6tFsHN4A0PvuaN9c=,cXj+ydjXCNp2/CAABevuQAzi+zA=
120,-10,gYMNikBRz1j6tFsHN4A0PvuaN9c=,cXj+ydjXCNp2/CAABevuQAzi+zA=
119,-10,gYMNikBRz1j6tFsHN4A0PvuaN9c=,cXj+ydjXCNp2/CAABevuQAzi+zA=
122,-10,gYMNikBRz1j6tFsHN4A0PvuaN9c=,cXj+ydjXCNp2/CAABevuQAzi+zA=
118,-10,gYMNikBRz1j6tFsHN4A0PvuaN9c=,cXj+ydjXCNp2/CAABevuQAzi+zA=
122,-13,gYMNikBRz1j6tFsHN4A0PvuaN9c=,cXj+ydjXCNp2/CAABevuQAzi+zA=
117,-10,gYMNikBRz1j6tFsHN4A0PvuaN9c=,cXj+ydjXCNp2/CAABevuQAzi+zA=
112,-9,gYMNikBRz1j6tFsHN4A0PvuaN9c=,cXj+ydjXCNp2/CAABevuQAzi+zA=
114,-9,gYMNikBRz1j6tFsHN4A0PvuaN9c=,cXj+ydjXCNp2/CAABevuQAzi+zA=
121,-16,gYMNikBRz1j6tFsHN4A0PvuaN9c=,cXj+ydjXCNp2/CAABevuQAzi+zA=
121,-10,gYMNikBRz1j6tFsHN4A0PvuaN9c=,cXj+ydjXCNp2/CAABevuQAzi+zA=
120,-16,gYMNikBRz1j6tFsHN4A0PvuaN9c=,cXj+ydjXCNp2/CAABevuQAzi+zA=
127,-11,gYMNikBRz1j6tFsHN4A0PvuaN9c=,cXj+ydjXCNp2/CAABevuQAzi+zA=
116,-14,gYMNikBRz1j6tFsHN4A0PvuaN9c=,cXj+ydjXCNp2/CAABevuQAzi+zA=
125,-11,gYMNikBRz1j6tFsHN4A0PvuaN9c=,cXj+ydjXCNp2/CAABevuQAzi+zA=
124,-11,gYMNikBRz1j6tFsHN4A0PvuaN9c=,cXj+ydjXCNp2/CAABevuQAzi+zA=
123,-11,gYMNikBRz1j6tFsHN4A0PvuaN9c=,cXj+ydjXCNp2/CAABevuQAzi+zA=
123,-13,gYMNikBRz1j6tFsHN4A0PvuaN9c=,cXj+ydjXCNp2/CAABevuQAzi+zA=
116,-10,gYMNikBRz1j6tFsHN4A0PvuaN9c=,cXj+ydjXCNp2/CAABevuQAzi+zA=
115,-10,gYMNikBRz1j6tFsHN4A0PvuaN9c=,cXj+ydjXCNp2/CAABevuQAzi+zA=
114,-10,gYMNikBRz1j6tFsHN4A0PvuaN9c=,cXj+ydjXCNp2/CAABevuQAzi+zA=
124,-10,gYMNikBRz1j6tFsHN4A0PvuaN9c=,cXj+ydjXCNp2/CAABevuQAzi+zA=
112,-10,gYMNikBRz1j6tFsHN4A0PvuaN9c=,cXj+ydjXCNp2/CAABevuQAzi+zA=
126,-11,gYMNikBRz1j6tFsHN4A0PvuaN9c=,cXj+ydjXCNp2/CAABevuQAzi+zA=
119,-11,gYMNikBRz1j6tFsHN4A0PvuaN9c=,cXj+ydjXCNp2/CAABevuQAzi+zA=
115,-14,gYMNikBRz1j6tFsHN4A0PvuaN9c=,cXj+ydjXCNp2/CAABevuQAzi+zA=
113,-10,gYMNikBRz1j6tFsHN4A0PvuaN9c=,cXj+ydjXCNp2/CAABevuQAzi+zA=
118,-11,gYMNikBRz1j6tFsHN4A0PvuaN9c=,cXj+ydjXCNp2/CAABevuQAzi+zA=
119,-16,gYMNikBRz1j6tFsHN4A0PvuaN9c=,cXj+ydjXCNp2/CAABevuQAzi+zA=
122,-11,gYMNikBRz1j6tFsHN4A0PvuaN9c=,cXj+ydjXCNp2/CAABevuQAzi+zA=
120,-11,gYMNikBRz1j6tFsHN4A0PvuaN9c=,cXj+ydjXCNp2/CAABevuQAzi+zA=
118,-16,gYMNikBRz1j6tFsHN4A0PvuaN9c=,cXj+ydjXCNp2/CAABevuQAzi+zA=
127,-12,gYMNikBRz1j6tFsHN4A0PvuaN9c=,cXj+ydjXCNp2/CAABevuQAzi+zA=
126,-12,gYMNikBRz1j6tFsHN4A0PvuaN9c=,cXj+ydjXCNp2/CAABevuQAzi+zA=
115,-11,gYMNikBRz1j6tFsHN4A0PvuaN9c=,cXj+ydjXCNp2/CAABevuQAzi+zA=
124,-12,gYMNikBRz1j6tFsHN4A0PvuaN9c=,cXj+ydjXCNp2/CAABevuQAzi+zA=
116,-11,gYMNikBRz1j6tFsHN4A0PvuaN9c=,cXj+ydjXCNp2/CAABevuQAzi+zA=
123,-12,gYMNikBRz1j6tFsHN4A0PvuaN9c=,cXj+ydjXCNp2/CAABevuQAzi+zA=
125,-12,gYMNikBRz1j6tFsHN4A0PvuaN9c=,cXj+ydjXCNp2/CAABevuQAzi+zA=
121,-12,gYMNikBRz1j6tFsHN4A0PvuaN9c=,cXj+ydjXCNp2/CAABevuQAzi+zA=
124,-13,gYMNikBRz1j6tFsHN4A0PvuaN9c=,cXj+ydjXCNp2/CAABevuQAzi+zA=
125,-13,gYMNikBRz1j6tFsHN4A0PvuaN9c=,cXj+ydjXCNp2/CAABevuQAzi+zA=
121,-11,gYMNikBRz1j6tFsHN4A0PvuaN9c=,cXj+ydjXCNp2/CAABevuQAzi+zA=
126,-13,gYMNikBRz1j6tFsHN4A0PvuaN9c=,cXj+ydjXCNp2/CAABevuQAzi+zA=
114,-11,gYMNikBRz1j6tFsHN4A0PvuaN9c=,cXj+ydjXCNp2/CAABevuQAzi+zA=
117,-11,gYMNikBRz1j6tFsHN4A0PvuaN9c=,cXj+ydjXCNp2/CAABevuQAzi+zA=
117,-12,gYMNikBRz1j6tFsHN4A0PvuaN9c=,cXj+ydjXCNp2/CAABevuQAzi+zA=
117,-16,gYMNikBRz1j6tFsHN4A0PvuaN9c=,cXj+ydjXCNp2/CAABevuQAzi+zA=
112,-11,gYMNikBRz1j6tFsHN4A0PvuaN9c=,cXj+ydjXCNp2/CAABevuQAzi+zA=
118,-12,gYMNikBRz1j6tFsHN4A0PvuaN9c=,cXj+ydjXCNp2/CAABevuQAzi+zA=
119,-12,gYMNikBRz1j6tFsHN4A0PvuaN9c=,cXj+ydjXCNp2/CAABevuQAzi+zA=
113,-11,gYMNikBRz1j6tFsHN4A0PvuaN9c=,cXj+ydjXCNp2/CAABevuQAzi+zA=
116,-12,gYMNikBRz1j6tFsHN4A0PvuaN9c=,cXj+ydjXCNp2/CAABevuQAzi+zA=
113,-14,gYMNikBRz1j6tFsHN4A0PvuaN9c=,cXj+ydjXCNp2/CAABevuQAzi+zA=
114,-14,gYMNikBRz1j6tFsHN4A0PvuaN9c=,cXj+ydjXCNp2/CAABevuQAzi+zA=
122,-12,gYMNikBRz1j6tFsHN4A0PvuaN9c=,cXj+ydjXCNp2/CAABevuQAzi+zA=
115,-12,gYMNikBRz1j6tFsHN4A0PvuaN9c=,cXj+ydjXCNp2/CAABevuQAzi+zA=
113,-12,gYMNikBRz1j6tFsHN4A0PvuaN9c=,cXj+ydjXCNp2/CAABevuQAzi+zA=
120,-12,gYMNikBRz1j6tFsHN4A0PvuaN9c=,cXj+ydjXCNp2/CAABevuQAzi+zA=
112,-12,gYMNikBRz1j6tFsHN4A0PvuaN9c=,cXj+ydjXCNp2/CAABevuQAzi+zA=
127,-13,gYMNikBRz1j6tFsHN4A0PvuaN9c=,cXj+ydjXCNp2/CAABevuQAzi+zA=
114,-12,gYMNikBRz1j6tFsHN4A0PvuaN9c=,cXj+ydjXCNp2/CAABevuQAzi+zA=
115,-32,i8XHSnzgWNmiu2vK2OLzB0HmTN8=,eUOEgPBF2SeVdl+ihbBIhwhvAfg=
127,-17,i8XHSnzgWNmiu2vK2OLzB0HmTN8=,eUOEgPBF2SeVdl+ihbBIhwhvAfg=
125,-30,i8XHSnzgWNmiu2vK2OLzB0HmTN8=,eUOEgPBF2SeVdl+ihbBIhwhvAfg=
124,-30,i8XHSnzgWNmiu2vK2OLzB0HmTN8=,eUOEgPBF2SeVdl+ihbBIhwhvAfg=
123,-30,i8XHSnzgWNmiu2vK2OLzB0HmTN8=,eUOEgPBF2SeVdl+ihbBIhwhvAfg=
122,-30,i8XHSnzgWNmiu2vK2OLzB0HmTN8=,eUOEgPBF2SeVdl+ihbBIhwhvAfg=
120,-30,i8XHSnzgWNmiu2vK2OLzB0HmTN8=,eUOEgPBF2SeVdl+ihbBIhwhvAfg=
119,-30,i8XHSnzgWNmiu2vK2OLzB0HmTN8=,eUOEgPBF2SeVdl+ihbBIhwhvAfg=
118,-30,i8XHSnzgWNmiu2vK2OLzB0HmTN8=,eUOEgPBF2SeVdl+ihbBIhwhvAfg=
117,-30,i8XHSnzgWNmiu2vK2OLzB0HmTN8=,eUOEgPBF2SeVdl+ihbBIhwhvAfg=
114,-30,i8XHSnzgWNmiu2vK2OLzB0HmTN8=,eUOEgPBF2SeVdl+ihbBIhwhvAfg=
115,-30,i8XHSnzgWNmiu2vK2OLzB0HmTN8=,eUOEgPBF2SeVdl+ihbBIhwhvAfg=
121,-30,i8XHSnzgWNmiu2vK2OLzB0HmTN8=,eUOEgPBF2SeVdl+ihbBIhwhvAfg=
127,-31,i8XHSnzgWNmiu2vK2OLzB0HmTN8=,eUOEgPBF2SeVdl+ihbBIhwhvAfg=
116,-30,i8XHSnzgWNmiu2vK2OLzB0HmTN8=,eUOEgPBF2SeVdl+ihbBIhwhvAfg=
113,-30,i8XHSnzgWNmiu2vK2OLzB0HmTN8=,eUOEgPBF2SeVdl+ihbBIhwhvAfg=
112,-30,i8XHSnzgWNmiu2vK2OLzB0HmTN8=,eUOEgPBF2SeVdl+ihbBIhwhvAfg=
125,-17,i8XHSnzgWNmiu2vK2OLzB0HmTN8=,eUOEgPBF2SeVdl+ihbBIhwhvAfg=
123,-17,i8XHSnzgWNmiu2vK2OLzB0HmTN8=,eUOEgPBF2SeVdl+ihbBIhwhvAfg=
124,-17,i8XHSnzgWNmiu2vK2OLzB0HmTN8=,eUOEgPBF2SeVdl+ihbBIhwhvAfg=
122,-17,i8XHSnzgWNmiu2vK2OLzB0HmTN8=,eUOEgPBF2SeVdl+ihbBIhwhvAfg=
116,-17,i8XHSnzgWNmiu2vK2OLzB0HmTN8=,eUOEgPBF2SeVdl+ihbBIhwhvAfg=
121,-17,i8XHSnzgWNmiu2vK2OLzB0HmTN8=,eUOEgPBF2SeVdl+ihbBIhwhvAfg=
114,-32,i8XHSnzgWNmiu2vK2OLzB0HmTN8=,eUOEgPBF2SeVdl+ihbBIhwhvAfg=
126,-17,i8XHSnzgWNmiu2vK2OLzB0HmTN8=,eUOEgPBF2SeVdl+ihbBIhwhvAfg=
123,-29,i8XHSnzgWNmiu2vK2OLzB0HmTN8=,eUOEgPBF2SeVdl+ihbBIhwhvAfg=
117,-17,i8XHSnzgWNmiu2vK2OLzB0HmTN8=,eUOEgPBF2SeVdl+ihbBIhwhvAfg=
118,-17,i8XHSnzgWNmiu2vK2OLzB0HmTN8=,eUOEgPBF2SeVdl+ihbBIhwhvAfg=
119,-17,i8XHSnzgWNmiu2vK2OLzB0HmTN8=,eUOEgPBF2SeVdl+ihbBIhwhvAfg=
122,-29,i8XHSnzgWNmiu2vK2OLzB0HmTN8=,eUOEgPBF2SeVdl+ihbBIhwhvAfg=
112,-32,i8XHSnzgWNmiu2vK2OLzB0HmTN8=,eUOEgPBF2SeVdl+ihbBIhwhvAfg=
120,-17,i8XHSnzgWNmiu2vK2OLzB0HmTN8=,eUOEgPBF2SeVdl+ihbBIhwhvAfg=
114,-17,i8XHSnzgWNmiu2vK2OLzB0HmTN8=,eUOEgPBF2SeVdl+ihbBIhwhvAfg=
113,-17,i8XHSnzgWNmiu2vK2OLzB0HmTN8=,eUOEgPBF2SeVdl+ihbBIhwhvAfg=
126,-31,i8XHSnzgWNmiu2vK2OLzB0HmTN8=,eUOEgPBF2SeVdl+ihbBIhwhvAfg=
112,-17,i8XHSnzgWNmiu2vK2OLzB0HmTN8=,eUOEgPBF2SeVdl+ihbBIhwhvAfg=
115,-17,i8XHSnzgWNmiu2vK2OLzB0HmTN8=,eUOEgPBF2SeVdl+ihbBIhwhvAfg=
122,-18,i8XHSnzgWNmiu2vK2OLzB0HmTN8=,eUOEgPBF2SeVdl+ihbBIhwhvAfg=
119,-18,i8XHSnzgWNmiu2vK2OLzB0HmTN8=,eUOEgPBF2SeVdl+ihbBIhwhvAfg=
123,-18,i8XHSnzgWNmiu2vK2OLzB0HmTN8=,eUOEgPBF2SeVdl+ihbBIhwhvAfg=
124,-18,i8XHSnzgWNmiu2vK2OLzB0HmTN8=,eUOEgPBF2SeVdl+ihbBIhwhvAfg=
125,-18,i8XHSnzgWNmiu2vK2OLzB0HmTN8=,eUOEgPBF2SeVdl+ihbBIhwhvAfg=
127,-18,i8XHSnzgWNmiu2vK2OLzB0HmTN8=,eUOEgPBF2SeVdl+ihbBIhwhvAfg=
120,-18,i8XHSnzgWNmiu2vK2OLzB0HmTN8=,eUOEgPBF2SeVdl+ihbBIhwhvAfg=
126,-18,i8XHSnzgWNmiu2vK2OLzB0HmTN8=,eUOEgPBF2SeVdl+ihbBIhwhvAfg=
124,-29,i8XHSnzgWNmiu2vK2OLzB0HmTN8=,eUOEgPBF2SeVdl+ihbBIhwhvAfg=
126,-30,i8XHSnzgWNmiu2vK2OLzB0HmTN8=,eUOEgPBF2SeVdl+ihbBIhwhvAfg=
117,-18,i8XHSnzgWNmiu2vK2OLzB0HmTN8=,eUOEgPBF2SeVdl+ihbBIhwhvAfg=
115,-18,i8XHSnzgWNmiu2vK2OLzB0HmTN8=,eUOEgPBF2SeVdl+ihbBIhwhvAfg=
112,-31,i8XHSnzgWNmiu2vK2OLzB0HmTN8=,eUOEgPBF2SeVdl+ihbBIhwhvAfg=
116,-18,i8XHSnzgWNmiu2vK2OLzB0HmTN8=,eUOEgPBF2SeVdl+ihbBIhwhvAfg=
121,-18,i8XHSnzgWNmiu2vK2OLzB0HmTN8=,eUOEgPBF2SeVdl+ihbBIhwhvAfg=
113,-32,i8XHSnzgWNmiu2vK2OLzB0HmTN8=,eUOEgPBF2SeVdl+ihbBIhwhvAfg=
113,-18,i8XHSnzgWNmiu2vK2OLzB0HmTN8=,eUOEgPBF2SeVdl+ihbBIhwhvAfg=
125,-19,i8XHSnzgWNmiu2vK2OLzB0HmTN8=,eUOEgPBF2SeVdl+ihbBIhwhvAfg=
124,-19,i8XHSnzgWNmiu2vK2OLzB0HmTN8=,eUOEgPBF2SeVdl+ihbBIhwhvAfg=
118,-18,i8XHSnzgWNmiu2vK2OLzB0HmTN8=,eUOEgPBF2SeVdl+ihbBIhwhvAfg=
113,-31,i8XHSnzgWNmiu2vK2OLzB0HmTN8=,eUOEgPBF2SeVdl+ihbBIhwhvAfg=
121,-29,i8XHSnzgWNmiu2vK2OLzB0HmTN8=,eUOEgPBF2SeVdl+ihbBIhwhvAfg=
127,-19,i8XHSnzgWNmiu2vK2OLzB0HmTN8=,eUOEgPBF2SeVdl+ihbBIhwhvAfg=
118,-19,i8XHSnzgWNmiu2vK2OLzB0HmTN8=,eUOEgPBF2SeVdl+ihbBIhwhvAfg=
117,-19,i8XHSnzgWNmiu2vK2OLzB0HmTN8=,eUOEgPBF2SeVdl+ihbBIhwhvAfg=
127,-32,i8XHSnzgWNmiu2vK2OLzB0HmTN8=,eUOEgPBF2SeVdl+ihbBIhwhvAfg=
116,-19,i8XHSnzgWNmiu2vK2OLzB0HmTN8=,eUOEgPBF2SeVdl+ihbBIhwhvAfg=
112,-18,i8XHSnzgWNmiu2vK2OLzB0HmTN8=,eUOEgPBF2SeVdl+ihbBIhwhvAfg=
114,-18,i8XHSnzgWNmiu2vK2OLzB0HmTN8=,eUOEgPBF2SeVdl+ihbBIhwhvAfg=
122,-19,i8XHSnzgWNmiu2vK2OLzB0HmTN8=,eUOEgPBF2SeVdl+ihbBIhwhvAfg=
116,-32,i8XHSnzgWNmiu2vK2OLzB0HmTN8=,eUOEgPBF2SeVdl+ihbBIhwhvAfg=
115,-19,i8XHSnzgWNmiu2vK2OLzB0HmTN8=,eUOEgPBF2SeVdl+ihbBIhwhvAfg=
125,-31,i8XHSnzgWNmiu2vK2OLzB0HmTN8=,eUOEgPBF2SeVdl+ihbBIhwhvAfg=
120,-29,i8XHSnzgWNmiu2vK2OLzB0HmTN8=,eUOEgPBF2SeVdl+ihbBIhwhvAfg=
126,-20,i8XHSnzgWNmiu2vK2OLzB0HmTN8=,eUOEgPBF2SeVdl+ihbBIhwhvAfg=
126,-19,i8XHSnzgWNmiu2vK2OLzB0HmTN8=,eUOEgPBF2SeVdl+ihbBIhwhvAfg=
121,-19,i8XHSnzgWNmiu2vK2OLzB0HmTN8=,eUOEgPBF2SeVdl+ihbBIhwhvAfg=
119,-19,i8XHSnzgWNmiu2vK2OLzB0HmTN8=,eUOEgPBF2SeVdl+ihbBIhwhvAfg=
127,-20,i8XHSnzgWNmiu2vK2OLzB0HmTN8=,eUOEgPBF2SeVdl+ihbBIhwhvAfg=
120,-19,i8XHSnzgWNmiu2vK2OLzB0HmTN8=,eUOEgPBF2SeVdl+ihbBIhwhvAfg=
125,-20,i8XHSnzgWNmiu2vK2OLzB0HmTN8=,eUOEgPBF2SeVdl+ihbBIhwhvAfg=
114,-19,i8XHSnzgWNmiu2vK2OLzB0HmTN8=,eUOEgPBF2SeVdl+ihbBIhwhvAfg=
113,-19,i8XHSnzgWNmiu2vK2OLzB0HmTN8=,eUOEgPBF2SeVdl+ihbBIhwhvAfg=
124,-31,i8XHSnzgWNmiu2vK2OLzB0HmTN8=,eUOEgPBF2SeVdl+ihbBIhwhvAfg=
125,-29,i8XHSnzgWNmiu2vK2OLzB0HmTN8=,eUOEgPBF2SeVdl+ihbBIhwhvAfg=
121,-20,i8XHSnzgWNmiu2vK2OLzB0HmTN8=,eUOEgPBF2SeVdl+ihbBIhwhvAfg=
126,-32,i8XHSnzgWNmiu2vK2OLzB0HmTN8=,eUOEgPBF2SeVdl+ihbBIhwhvAfg=
119,-29,i8XHSnzgWNmiu2vK2OLzB0HmTN8=,eUOEgPBF2SeVdl+ihbBIhwhvAfg=
126,-29,i8XHSnzgWNmiu2vK2OLzB0HmTN8=,eUOEgPBF2SeVdl+ihbBIhwhvAfg=
116,-20,i8XHSnzgWNmiu2vK2OLzB0HmTN8=,eUOEgPBF2SeVdl+ihbBIhwhvAfg=
123,-19,i8XHSnzgWNmiu2vK2OLzB0HmTN8=,eUOEgPBF2SeVdl+ihbBIhwhvAfg=
124,-20,i8XHSnzgWNmiu2vK2OLzB0HmTN8=,eUOEgPBF2SeVdl+ihbBIhwhvAfg=
122,-20,i8XHSnzgWNmiu2vK2OLzB0HmTN8=,eUOEgPBF2SeVdl+ihbBIhwhvAfg=
119,-20,i8XHSnzgWNmiu2vK2OLzB0HmTN8=,eUOEgPBF2SeVdl+ihbBIhwhvAfg=
118,-20,i8XHSnzgWNmiu2vK2OLzB0HmTN8=,eUOEgPBF2SeVdl+ihbBIhwhvAfg=
115,-20,i8XHSnzgWNmiu2vK2OLzB0HmTN8=,eUOEgPBF2SeVdl+ihbBIhwhvAfg=
114,-20,i8XHSnzgWNmiu2vK2OLzB0HmTN8=,eUOEgPBF2SeVdl+ihbBIhwhvAfg=
112,-19,i8XHSnzgWNmiu2vK2OLzB0HmTN8=,eUOEgPBF2SeVdl+ihbBIhwhvAfg=
123,-20,i8XHSnzgWNmiu2vK2OLzB0HmTN8=,eUOEgPBF2SeVdl+ihbBIhwhvAfg=
123,-31,i8XHSnzgWNmiu2vK2OLzB0HmTN8=,eUOEgPBF2SeVdl+ihbBIhwhvAfg=
120,-20,i8XHSnzgWNmiu2vK2OLzB0HmTN8=,eUOEgPBF2SeVdl+ihbBIhwhvAfg=
127,-21,i8XHSnzgWNmiu2vK2OLzB0HmTN8=,eUOEgPBF2SeVdl+ihbBIhwhvAfg=
117,-20,i8XHSnzgWNmiu2vK2OLzB0HmTN8=,eUOEgPBF2SeVdl+ihbBIhwhvAfg=
127,-29,i8XHSnzgWNmiu2vK2OLzB0HmTN8=,eUOEgPBF2SeVdl+ihbBIhwhvAfg=
112,-20,i8XHSnzgWNmiu2vK2OLzB0HmTN8=,eUOEgPBF2SeVdl+ihbBIhwhvAfg=
122,-21,i8XHSnzgWNmiu2vK2OLzB0HmTN8=,eUOEgPBF2SeVdl+ihbBIhwhvAfg=
121,-21,i8XHSnzgWNmiu2vK2OLzB0HmTN8=,eUOEgPBF2SeVdl+ihbBIhwhvAfg=
125,-21,i8XHSnzgWNmiu2vK2OLzB0HmTN8=,eUOEgPBF2SeVdl+ihbBIhwhvAfg=
123,-21,i8XHSnzgWNmiu2vK2OLzB0HmTN8=,eUOEgPBF2SeVdl+ihbBIhwhvAfg=
118,-29,i8XHSnzgWNmiu2vK2OLzB0HmTN8=,eUOEgPBF2SeVdl+ihbBIhwhvAfg=
120,-21,i8XHSnzgWNmiu2vK2OLzB0HmTN8=,eUOEgPBF2SeVdl+ihbBIhwhvAfg=
119,-21,i8XHSnzgWNmiu2vK2OLzB0HmTN8=,eUOEgPBF2SeVdl+ihbBIhwhvAfg=
116,-21,i8XHSnzgWNmiu2vK2OLzB0HmTN8=,eUOEgPBF2SeVdl+ihbBIhwhvAfg=
112,-21,i8XHSnzgWNmiu2vK2OLzB0HmTN8=,eUOEgPBF2SeVdl+ihbBIhwhvAfg=
124,-21,i8XHSnzgWNmiu2vK2OLzB0HmTN8=,eUOEgPBF2SeVdl+ihbBIhwhvAfg=
122,-31,i8XHSnzgWNmiu2vK2OLzB0HmTN8=,eUOEgPBF2SeVdl+ihbBIhwhvAfg=
126,-22,i8XHSnzgWNmiu2vK2OLzB0HmTN8=,eUOEgPBF2SeVdl+ihbBIhwhvAfg=
114,-21,i8XHSnzgWNmiu2vK2OLzB0HmTN8=,eUOEgPBF2SeVdl+ihbBIhwhvAfg=
123,-22,i8XHSnzgWNmiu2vK2OLzB0HmTN8=,eUOEgPBF2SeVdl+ihbBIhwhvAfg=
113,-20,i8XHSnzgWNmiu2vK2OLzB0HmTN8=,eUOEgPBF2SeVdl+ihbBIhwhvAfg=
126,-21,i8XHSnzgWNmiu2vK2OLzB0HmTN8=,eUOEgPBF2SeVdl+ihbBIhwhvAfg=
118,-21,i8XHSnzgWNmiu2vK2OLzB0HmTN8=,eUOEgPBF2SeVdl+ihbBIhwhvAfg=
120,-22,i8XHSnzgWNmiu2vK2OLzB0HmTN8=,eUOEgPBF2SeVdl+ihbBIhwhvAfg=
117,-21,i8XHSnzgWNmiu2vK2OLzB0HmTN8=,eUOEgPBF2SeVdl+ihbBIhwhvAfg=
124,-32,i8XHSnzgWNmiu2vK2OLzB0HmTN8=,eUOEgPBF2SeVdl+ihbBIhwhvAfg=
125,-32,i8XHSnzgWNmiu2vK2OLzB0HmTN8=,eUOEgPBF2SeVdl+ihbBIhwhvAfg=
113,-21,i8XHSnzgWNmiu2vK2OLzB0HmTN8=,eUOEgPBF2SeVdl+ihbBIhwhvAfg=
115,-21,i8XHSnzgWNmiu2vK2OLzB0HmTN8=,eUOEgPBF2SeVdl+ihbBIhwhvAfg=
125,-22,i8XHSnzgWNmiu2vK2OLzB0HmTN8=,eUOEgPBF2SeVdl+ihbBIhwhvAfg=
112,-28,i8XHSnzgWNmiu2vK2OLzB0HmTN8=,eUOEgPBF2SeVdl+ihbBIhwhvAfg=
121,-22,i8XHSnzgWNmiu2vK2OLzB0HmTN8=,eUOEgPBF2SeVdl+ihbBIhwhvAfg=
119,-22,i8XHSnzgWNmiu2vK2OLzB0HmTN8=,eUOEgPBF2SeVdl+ihbBIhwhvAfg=
117,-22,i8XHSnzgWNmiu2vK2OLzB0HmTN8=,eUOEgPBF2SeVdl+ihbBIhwhvAfg=
117,-29,i8XHSnzgWNmiu2vK2OLzB0HmTN8=,eUOEgPBF2SeVdl+ihbBIhwhvAfg=
127,-22,i8XHSnzgWNmiu2vK2OLzB0HmTN8=,eUOEgPBF2SeVdl+ihbBIhwhvAfg=
124,-22,i8XHSnzgWNmiu2vK2OLzB0HmTN8=,eUOEgPBF2SeVdl+ihbBIhwhvAfg=
114,-22,i8XHSnzgWNmiu2vK2OLzB0HmTN8=,eUOEgPBF2SeVdl+ihbBIhwhvAfg=
117,-32,i8XHSnzgWNmiu2vK2OLzB0HmTN8=,eUOEgPBF2SeVdl+ihbBIhwhvAfg=
122,-22,i8XHSnzgWNmiu2vK2OLzB0HmTN8=,eUOEgPBF2SeVdl+ihbBIhwhvAfg=
118,-22,i8XHSnzgWNmiu2vK2OLzB0HmTN8=,eUOEgPBF2SeVdl+ihbBIhwhvAfg=
115,-22,i8XHSnzgWNmiu2vK2OLzB0HmTN8=,eUOEgPBF2SeVdl+ihbBIhwhvAfg=
127,-23,i8XHSnzgWNmiu2vK2OLzB0HmTN8=,eUOEgPBF2SeVdl+ihbBIhwhvAfg=
114,-31,i8XHSnzgWNmiu2vK2OLzB0HmTN8=,eUOEgPBF2SeVdl+ihbBIhwhvAfg=
123,-23,i8XHSnzgWNmiu2vK2OLzB0HmTN8=,eUOEgPBF2SeVdl+ihbBIhwhvAfg=
121,-31,i8XHSnzgWNmiu2vK2OLzB0HmTN8=,eUOEgPBF2SeVdl+ihbBIhwhvAfg=
113,-22,i8XHSnzgWNmiu2vK2OLzB0HmTN8=,eUOEgPBF2SeVdl+ihbBIhwhvAfg=
126,-23,i8XHSnzgWNmiu2vK2OLzB0HmTN8=,eUOEgPBF2SeVdl+ihbBIhwhvAfg=
116,-22,i8XHSnzgWNmiu2vK2OLzB0HmTN8=,eUOEgPBF2SeVdl+ihbBIhwhvAfg=
117,-23,i8XHSnzgWNmiu2vK2OLzB0HmTN8=,eUOEgPBF2SeVdl+ihbBIhwhvAfg=
118,-23,i8XHSnzgWNmiu2vK2OLzB0HmTN8=,eUOEgPBF2SeVdl+ihbBIhwhvAfg=
113,-28,i8XHSnzgWNmiu2vK2OLzB0HmTN8=,eUOEgPBF2SeVdl+ihbBIhwhvAfg=
114,-28,i8XHSnzgWNmiu2vK2OLzB0HmTN8=,eUOEgPBF2SeVdl+ihbBIhwhvAfg=
115,-28,i8XHSnzgWNmiu2vK2OLzB0HmTN8=,eUOEgPBF2SeVdl+ihbBIhwhvAfg=
116,-28,i8XHSnzgWNmiu2vK2OLzB0HmTN8=,eUOEgPBF2SeVdl+ihbBIhwhvAfg=
125,-23,i8XHSnzgWNmiu2vK2OLzB0HmTN8=,eUOEgPBF2SeVdl+ihbBIhwhvAfg=
116,-23,i8XHSnzgWNmiu2vK2OLzB0HmTN8=,eUOEgPBF2SeVdl+ihbBIhwhvAfg=
124,-23,i8XHSnzgWNmiu2vK2OLzB0HmTN8=,eUOEgPBF2SeVdl+ihbBIhwhvAfg=
117,-28,i8XHSnzgWNmiu2vK2OLzB0HmTN8=,eUOEgPBF2SeVdl+ihbBIhwhvAfg=
118,-28,i8XHSnzgWNmiu2vK2OLzB0HmTN8=,eUOEgPBF2SeVdl+ihbBIhwhvAfg=
122,-23,i8XHSnzgWNmiu2vK2OLzB0HmTN8=,eUOEgPBF2SeVdl+ihbBIhwhvAfg=
119,-28,i8XHSnzgWNmiu2vK2OLzB0HmTN8=,eUOEgPBF2SeVdl+ihbBIhwhvAfg=
112,-22,i8XHSnzgWNmiu2vK2OLzB0HmTN8=,eUOEgPBF2SeVdl+ihbBIhwhvAfg=
114,-23,i8XHSnzgWNmiu2vK2OLzB0HmTN8=,eUOEgPBF2SeVdl+ihbBIhwhvAfg=
115,-23,i8XHSnzgWNmiu2vK2OLzB0HmTN8=,eUOEgPBF2SeVdl+ihbBIhwhvAfg=
120,-28,i8XHSnzgWNmiu2vK2OLzB0HmTN8=,eUOEgPBF2SeVdl+ihbBIhwhvAfg=
120,-23,i8XHSnzgWNmiu2vK2OLzB0HmTN8=,eUOEgPBF2SeVdl+ihbBIhwhvAfg=
121,-23,i8XHSnzgWNmiu2vK2OLzB0HmTN8=,eUOEgPBF2SeVdl+ihbBIhwhvAfg=
127,-30,i8XHSnzgWNmiu2vK2OLzB0HmTN8=,eUOEgPBF2SeVdl+ihbBIhwhvAfg=
118,-32,i8XHSnzgWNmiu2vK2OLzB0HmTN8=,eUOEgPBF2SeVdl+ihbBIhwhvAfg=
121,-28,i8XHSnzgWNmiu2vK2OLzB0HmTN8=,eUOEgPBF2SeVdl+ihbBIhwhvAfg=
127,-28,i8XHSnzgWNmiu2vK2OLzB0HmTN8=,eUOEgPBF2SeVdl+ihbBIhwhvAfg=
123,-32,i8XHSnzgWNmiu2vK2OLzB0HmTN8=,eUOEgPBF2SeVdl+ihbBIhwhvAfg=
125,-28,i8XHSnzgWNmiu2vK2OLzB0HmTN8=,eUOEgPBF2SeVdl+ihbBIhwhvAfg=
122,-28,i8XHSnzgWNmiu2vK2OLzB0HmTN8=,eUOEgPBF2SeVdl+ihbBIhwhvAfg=
115,-31,i8XHSnzgWNmiu2vK2OLzB0HmTN8=,eUOEgPBF2SeVdl+ihbBIhwhvAfg=
116,-27,i8XHSnzgWNmiu2vK2OLzB0HmTN8=,eUOEgPBF2SeVdl+ihbBIhwhvAfg=
117,-27,i8XHSnzgWNmiu2vK2OLzB0HmTN8=,eUOEgPBF2SeVdl+ihbBIhwhvAfg=
119,-23,i8XHSnzgWNmiu2vK2OLzB0HmTN8=,eUOEgPBF2SeVdl+ihbBIhwhvAfg=
118,-27,i8XHSnzgWNmiu2vK2OLzB0HmTN8=,eUOEgPBF2SeVdl+ihbBIhwhvAfg=
113,-27,i8XHSnzgWNmiu2vK2OLzB0HmTN8=,eUOEgPBF2SeVdl+ihbBIhwhvAfg=
124,-28,i8XHSnzgWNmiu2vK2OLzB0HmTN8=,eUOEgPBF2SeVdl+ihbBIhwhvAfg=
114,-27,i8XHSnzgWNmiu2vK2OLzB0HmTN8=,eUOEgPBF2SeVdl+ihbBIhwhvAfg=
116,-31,i8XHSnzgWNmiu2vK2OLzB0HmTN8=,eUOEgPBF2SeVdl+ihbBIhwhvAfg=
126,-28,i8XHSnzgWNmiu2vK2OLzB0HmTN8=,eUOEgPBF2SeVdl+ihbBIhwhvAfg=
112,-27,i8XHSnzgWNmiu2vK2OLzB0HmTN8=,eUOEgPBF2SeVdl+ihbBIhwhvAfg=
115,-27,i8XHSnzgWNmiu2vK2OLzB0HmTN8=,eUOEgPBF2SeVdl+ihbBIhwhvAfg=
116,-29,i8XHSnzgWNmiu2vK2OLzB0HmTN8=,eUOEgPBF2SeVdl+ihbBIhwhvAfg=
120,-27,i8XHSnzgWNmiu2vK2OLzB0HmTN8=,eUOEgPBF2SeVdl+ihbBIhwhvAfg=
112,-29,i8XHSnzgWNmiu2vK2OLzB0HmTN8=,eUOEgPBF2SeVdl+ihbBIhwhvAfg=
124,-27,i8XHSnzgWNmiu2vK2OLzB0HmTN8=,eUOEgPBF2SeVdl+ihbBIhwhvAfg=
119,-27,i8XHSnzgWNmiu2vK2OLzB0HmTN8=,eUOEgPBF2SeVdl+ihbBIhwhvAfg=
127,-27,i8XHSnzgWNmiu2vK2OLzB0HmTN8=,eUOEgPBF2SeVdl+ihbBIhwhvAfg=
122,-27,i8XHSnzgWNmiu2vK2OLzB0HmTN8=,eUOEgPBF2SeVdl+ihbBIhwhvAfg=
119,-32,i8XHSnzgWNmiu2vK2OLzB0HmTN8=,eUOEgPBF2SeVdl+ihbBIhwhvAfg=
123,-27,i8XHSnzgWNmiu2vK2OLzB0HmTN8=,eUOEgPBF2SeVdl+ihbBIhwhvAfg=
115,-26,i8XHSnzgWNmiu2vK2OLzB0HmTN8=,eUOEgPBF2SeVdl+ihbBIhwhvAfg=
117,-26,i8XHSnzgWNmiu2vK2OLzB0HmTN8=,eUOEgPBF2SeVdl+ihbBIhwhvAfg=
116,-26,i8XHSnzgWNmiu2vK2OLzB0HmTN8=,eUOEgPBF2SeVdl+ihbBIhwhvAfg=
125,-27,i8XHSnzgWNmiu2vK2OLzB0HmTN8=,eUOEgPBF2SeVdl+ihbBIhwhvAfg=
123,-28,i8XHSnzgWNmiu2vK2OLzB0HmTN8=,eUOEgPBF2SeVdl+ihbBIhwhvAfg=
117,-31,i8XHSnzgWNmiu2vK2OLzB0HmTN8=,eUOEgPBF2SeVdl+ihbBIhwhvAfg=
126,-27,i8XHSnzgWNmiu2vK2OLzB0HmTN8=,eUOEgPBF2SeVdl+ihbBIhwhvAfg=
113,-29,i8XHSnzgWNmiu2vK2OLzB0HmTN8=,eUOEgPBF2SeVdl+ihbBIhwhvAfg=
113,-26,i8XHSnzgWNmiu2vK2OLzB0HmTN8=,eUOEgPBF2SeVdl+ihbBIhwhvAfg=
112,-26,i8XHSnzgWNmiu2vK2OLzB0HmTN8=,eUOEgPBF2SeVdl+ihbBIhwhvAfg=
114,-26,i8XHSnzgWNmiu2vK2OLzB0HmTN8=,eUOEgPBF2SeVdl+ihbBIhwhvAfg=
121,-27,i8XHSnzgWNmiu2vK2OLzB0HmTN8=,eUOEgPBF2SeVdl+ihbBIhwhvAfg=
121,-26,i8XHSnzgWNmiu2vK2OLzB0HmTN8=,eUOEgPBF2SeVdl+ihbBIhwhvAfg=
118,-26,i8XHSnzgWNmiu2vK2OLzB0HmTN8=,eUOEgPBF2SeVdl+ihbBIhwhvAfg=
125,-26,i8XHSnzgWNmiu2vK2OLzB0HmTN8=,eUOEgPBF2SeVdl+ihbBIhwhvAfg=
120,-26,i8XHSnzgWNmiu2vK2OLzB0HmTN8=,eUOEgPBF2SeVdl+ihbBIhwhvAfg=
113,-25,i8XHSnzgWNmiu2vK2OLzB0HmTN8=,eUOEgPBF2SeVdl+ihbBIhwhvAfg=
120,-32,i8XHSnzgWNmiu2vK2OLzB0HmTN8=,eUOEgPBF2SeVdl+ihbBIhwhvAfg=
123,-26,i8XHSnzgWNmiu2vK2OLzB0HmTN8=,eUOEgPBF2SeVdl+ihbBIhwhvAfg=
124,-26,i8XHSnzgWNmiu2vK2OLzB0HmTN8=,eUOEgPBF2SeVdl+ihbBIhwhvAfg=
127,-26,i8XHSnzgWNmiu2vK2OLzB0HmTN8=,eUOEgPBF2SeVdl+ihbBIhwhvAfg=
117,-25,i8XHSnzgWNmiu2vK2OLzB0HmTN8=,eUOEgPBF2SeVdl+ihbBIhwhvAfg=
112,-25,i8XHSnzgWNmiu2vK2OLzB0HmTN8=,eUOEgPBF2SeVdl+ihbBIhwhvAfg=
114,-29,i8XHSnzgWNmiu2vK2OLzB0HmTN8=,eUOEgPBF2SeVdl+ihbBIhwhvAfg=
115,-25,i8XHSnzgWNmiu2vK2OLzB0HmTN8=,eUOEgPBF2SeVdl+ihbBIhwhvAfg=
118,-31,i8XHSnzgWNmiu2vK2OLzB0HmTN8=,eUOEgPBF2SeVdl+ihbBIhwhvAfg=
120,-25,i8XHSnzgWNmiu2vK2OLzB0HmTN8=,eUOEgPBF2SeVdl+ihbBIhwhvAfg=
121,-25,i8XHSnzgWNmiu2vK2OLzB0HmTN8=,eUOEgPBF2SeVdl+ihbBIhwhvAfg=
122,-25,i8XHSnzgWNmiu2vK2OLzB0HmTN8=,eUOEgPBF2SeVdl+ihbBIhwhvAfg=
123,-25,i8XHSnzgWNmiu2vK2OLzB0HmTN8=,eUOEgPBF2SeVdl+ihbBIhwhvAfg=
124,-25,i8XHSnzgWNmiu2vK2OLzB0HmTN8=,eUOEgPBF2SeVdl+ihbBIhwhvAfg=
125,-25,i8XHSnzgWNmiu2vK2OLzB0HmTN8=,eUOEgPBF2SeVdl+ihbBIhwhvAfg=
119,-31,i8XHSnzgWNmiu2vK2OLzB0HmTN8=,eUOEgPBF2SeVdl+ihbBIhwhvAfg=
127,-25,i8XHSnzgWNmiu2vK2OLzB0HmTN8=,eUOEgPBF2SeVdl+ihbBIhwhvAfg=
119,-26,i8XHSnzgWNmiu2vK2OLzB0HmTN8=,eUOEgPBF2SeVdl+ihbBIhwhvAfg=
122,-26,i8XHSnzgWNmiu2vK2OLzB0HmTN8=,eUOEgPBF2SeVdl+ihbBIhwhvAfg=
118,-25,i8XHSnzgWNmiu2vK2OLzB0HmTN8=,eUOEgPBF2SeVdl+ihbBIhwhvAfg=
121,-32,i8XHSnzgWNmiu2vK2OLzB0HmTN8=,eUOEgPBF2SeVdl+ihbBIhwhvAfg=
114,-25,i8XHSnzgWNmiu2vK2OLzB0HmTN8=,eUOEgPBF2SeVdl+ihbBIhwhvAfg=
126,-25,i8XHSnzgWNmiu2vK2OLzB0HmTN8=,eUOEgPBF2SeVdl+ihbBIhwhvAfg=
115,-29,i8XHSnzgWNmiu2vK2OLzB0HmTN8=,eUOEgPBF2SeVdl+ihbBIhwhvAfg=
122,-32,i8XHSnzgWNmiu2vK2OLzB0HmTN8=,eUOEgPBF2SeVdl+ihbBIhwhvAfg=
114,-24,i8XHSnzgWNmiu2vK2OLzB0HmTN8=,eUOEgPBF2SeVdl+ihbBIhwhvAfg=
115,-24,i8XHSnzgWNmiu2vK2OLzB0HmTN8=,eUOEgPBF2SeVdl+ihbBIhwhvAfg=
126,-26,i8XHSnzgWNmiu2vK2OLzB0HmTN8=,eUOEgPBF2SeVdl+ihbBIhwhvAfg=
116,-24,i8XHSnzgWNmiu2vK2OLzB0HmTN8=,eUOEgPBF2SeVdl+ihbBIhwhvAfg=
116,-25,i8XHSnzgWNmiu2vK2OLzB0HmTN8=,eUOEgPBF2SeVdl+ihbBIhwhvAfg=
119,-25,i8XHSnzgWNmiu2vK2OLzB0HmTN8=,eUOEgPBF2SeVdl+ihbBIhwhvAfg=
119,-24,i8XHSnzgWNmiu2vK2OLzB0HmTN8=,eUOEgPBF2SeVdl+ihbBIhwhvAfg=
113,-24,i8XHSnzgWNmiu2vK2OLzB0HmTN8=,eUOEgPBF2SeVdl+ihbBIhwhvAfg=
118,-24,i8XHSnzgWNmiu2vK2OLzB0HmTN8=,eUOEgPBF2SeVdl+ihbBIhwhvAfg=
121,-24,i8XHSnzgWNmiu2vK2OLzB0HmTN8=,eUOEgPBF2SeVdl+ihbBIhwhvAfg=
124,-24,i8XHSnzgWNmiu2vK2OLzB0HmTN8=,eUOEgPBF2SeVdl+ihbBIhwhvAfg=
123,-24,i8XHSnzgWNmiu2vK2OLzB0HmTN8=,eUOEgPBF2SeVdl+ihbBIhwhvAfg=
117,-24,i8XHSnzgWNmiu2vK2OLzB0HmTN8=,eUOEgPBF2SeVdl+ihbBIhwhvAfg=
125,-24,i8XHSnzgWNmiu2vK2OLzB0HmTN8=,eUOEgPBF2SeVdl+ihbBIhwhvAfg=
122,-24,i8XHSnzgWNmiu2vK2OLzB0HmTN8=,eUOEgPBF2SeVdl+ihbBIhwhvAfg=
120,-24,i8XHSnzgWNmiu2vK2OLzB0HmTN8=,eUOEgPBF2SeVdl+ihbBIhwhvAfg=
120,-31,i8XHSnzgWNmiu2vK2OLzB0HmTN8=,eUOEgPBF2SeVdl+ihbBIhwhvAfg=
127,-24,i8XHSnzgWNmiu2vK2OLzB0HmTN8=,eUOEgPBF2SeVdl+ihbBIhwhvAfg=
112,-23,i8XHSnzgWNmiu2vK2OLzB0HmTN8=,eUOEgPBF2SeVdl+ihbBIhwhvAfg=
112,-24,i8XHSnzgWNmiu2vK2OLzB0HmTN8=,eUOEgPBF2SeVdl+ihbBIhwhvAfg=
126,-24,i8XHSnzgWNmiu2vK2OLzB0HmTN8=,eUOEgPBF2SeVdl+ihbBIhwhvAfg=
113,-23,i8XHSnzgWNmiu2vK2OLzB0HmTN8=,eUOEgPBF2SeVdl+ihbBIhwhvAfg=
106,-30,ZkESR6uw0PZ6kRjwyZT6wAJhAz4=,5rBbZFd8F5MBGDFOfkaqIHwbj2I=
105,-30,ZkESR6uw0PZ6kRjwyZT6wAJhAz4=,5rBbZFd8F5MBGDFOfkaqIHwbj2I=
108,-30,ZkESR6uw0PZ6kRjwyZT6wAJhAz4=,5rBbZFd8F5MBGDFOfkaqIHwbj2I=
107,-30,ZkESR6uw0PZ6kRjwyZT6wAJhAz4=,5rBbZFd8F5MBGDFOfkaqIHwbj2I=
111,-31,ZkESR6uw0PZ6kRjwyZT6wAJhAz4=,5rBbZFd8F5MBGDFOfkaqIHwbj2I=
96,-32,ZkESR6uw0PZ6kRjwyZT6wAJhAz4=,5rBbZFd8F5MBGDFOfkaqIHwbj2I=
109,-30,ZkESR6uw0PZ6kRjwyZT6wAJhAz4=,5rBbZFd8F5MBGDFOfkaqIHwbj2I=
99,-32,ZkESR6uw0PZ6kRjwyZT6wAJhAz4=,5rBbZFd8F5MBGDFOfkaqIHwbj2I=
103,-30,ZkESR6uw0PZ6kRjwyZT6wAJhAz4=,5rBbZFd8F5MBGDFOfkaqIHwbj2I=
108,-29,ZkESR6uw0PZ6kRjwyZT6wAJhAz4=,5rBbZFd8F5MBGDFOfkaqIHwbj2I=
102,-30,ZkESR6uw0PZ6kRjwyZT6wAJhAz4=,5rBbZFd8F5MBGDFOfkaqIHwbj2I=
99,-30,ZkESR6uw0PZ6kRjwyZT6wAJhAz4=,5rBbZFd8F5MBGDFOfkaqIHwbj2I=
111,-17,ZkESR6uw0PZ6kRjwyZT6wAJhAz4=,5rBbZFd8F5MBGDFOfkaqIHwbj2I=
107,-29,ZkESR6uw0PZ6kRjwyZT6wAJhAz4=,5rBbZFd8F5MBGDFOfkaqIHwbj2I=
101,-30,ZkESR6uw0PZ6kRjwyZT6wAJhAz4=,5rBbZFd8F5MBGDFOfkaqIHwbj2I=
100,-30,ZkESR6uw0PZ6kRjwyZT6wAJhAz4=,5rBbZFd8F5MBGDFOfkaqIHwbj2I=
107,-17,ZkESR6uw0PZ6kRjwyZT6wAJhAz4=,5rBbZFd8F5MBGDFOfkaqIHwbj2I=
96,-30,ZkESR6uw0PZ6kRjwyZT6wAJhAz4=,5rBbZFd8F5MBGDFOfkaqIHwbj2I=
97,-30,ZkESR6uw0PZ6kRjwyZT6wAJhAz4=,5rBbZFd8F5MBGDFOfkaqIHwbj2I=
108,-17,ZkESR6uw0PZ6kRjwyZT6wAJhAz4=,5rBbZFd8F5MBGDFOfkaqIHwbj2I=
110,-30,ZkESR6uw0PZ6kRjwyZT6wAJhAz4=,5rBbZFd8F5MBGDFOfkaqIHwbj2I=
104,-30,ZkESR6uw0PZ6kRjwyZT6wAJhAz4=,5rBbZFd8F5MBGDFOfkaqIHwbj2I=
103,-17,ZkESR6uw0PZ6kRjwyZT6wAJhAz4=,5rBbZFd8F5MBGDFOfkaqIHwbj2I=
101,-17,ZkESR6uw0PZ6kRjwyZT6wAJhAz4=,5rBbZFd8F5MBGDFOfkaqIHwbj2I=
100,-17,ZkESR6uw0PZ6kRjwyZT6wAJhAz4=,5rBbZFd8F5MBGDFOfkaqIHwbj2I=
99,-17,ZkESR6uw0PZ6kRjwyZT6wAJhAz4=,5rBbZFd8F5MBGDFOfkaqIHwbj2I=
109,-17,ZkESR6uw0PZ6kRjwyZT6wAJhAz4=,5rBbZFd8F5MBGDFOfkaqIHwbj2I=
106,-29,ZkESR6uw0PZ6kRjwyZT6wAJhAz4=,5rBbZFd8F5MBGDFOfkaqIHwbj2I=
100,-32,ZkESR6uw0PZ6kRjwyZT6wAJhAz4=,5rBbZFd8F5MBGDFOfkaqIHwbj2I=
104,-17,ZkESR6uw0PZ6kRjwyZT6wAJhAz4=,5rBbZFd8F5MBGDFOfkaqIHwbj2I=
106,-17,ZkESR6uw0PZ6kRjwyZT6wAJhAz4=,5rBbZFd8F5MBGDFOfkaqIHwbj2I=
110,-17,ZkESR6uw0PZ6kRjwyZT6wAJhAz4=,5rBbZFd8F5MBGDFOfkaqIHwbj2I=
102,-17,ZkESR6uw0PZ6kRjwyZT6wAJhAz4=,5rBbZFd8F5MBGDFOfkaqIHwbj2I=
98,-32,ZkESR6uw0PZ6kRjwyZT6wAJhAz4=,5rBbZFd8F5MBGDFOfkaqIHwbj2I=
110,-31,ZkESR6uw0PZ6kRjwyZT6wAJhAz4=,5rBbZFd8F5MBGDFOfkaqIHwbj2I=
105,-17,ZkESR6uw0PZ6kRjwyZT6wAJhAz4=,5rBbZFd8F5MBGDFOfkaqIHwbj2I=
109,-29,ZkESR6uw0PZ6kRjwyZT6wAJhAz4=,5rBbZFd8F5MBGDFOfkaqIHwbj2I=
109,-18,ZkESR6uw0PZ6kRjwyZT6wAJhAz4=,5rBbZFd8F5MBGDFOfkaqIHwbj2I=
96,-17,ZkESR6uw0PZ6kRjwyZT6wAJhAz4=,5rBbZFd8F5MBGDFOfkaqIHwbj2I=
108,-18,ZkESR6uw0PZ6kRjwyZT6wAJhAz4=,5rBbZFd8F5MBGDFOfkaqIHwbj2I=
98,-17,ZkESR6uw0PZ6kRjwyZT6wAJhAz4=,5rBbZFd8F5MBGDFOfkaqIHwbj2I=
97,-17,ZkESR6uw0PZ6kRjwyZT6wAJhAz4=,5rBbZFd8F5MBGDFOfkaqIHwbj2I=
107,-18,ZkESR6uw0PZ6kRjwyZT6wAJhAz4=,5rBbZFd8F5MBGDFOfkaqIHwbj2I=
110,-18,ZkESR6uw0PZ6kRjwyZT6wAJhAz4=,5rBbZFd8F5MBGDFOfkaqIHwbj2I=
110,-29,ZkESR6uw0PZ6kRjwyZT6wAJhAz4=,5rBbZFd8F5MBGDFOfkaqIHwbj2I=
104,-18,ZkESR6uw0PZ6kRjwyZT6wAJhAz4=,5rBbZFd8F5MBGDFOfkaqIHwbj2I=
103,-18,ZkESR6uw0PZ6kRjwyZT6wAJhAz4=,5rBbZFd8F5MBGDFOfkaqIHwbj2I=
105,-18,ZkESR6uw0PZ6kRjwyZT6wAJhAz4=,5rBbZFd8F5MBGDFOfkaqIHwbj2I=
99,-18,ZkESR6uw0PZ6kRjwyZT6wAJhAz4=,5rBbZFd8F5MBGDFOfkaqIHwbj2I=
111,-29,ZkESR6uw0PZ6kRjwyZT6wAJhAz4=,5rBbZFd8F5MBGDFOfkaqIHwbj2I=
100,-18,ZkESR6uw0PZ6kRjwyZT6wAJhAz4=,5rBbZFd8F5MBGDFOfkaqIHwbj2I=
98,-30,ZkESR6uw0PZ6kRjwyZT6wAJhAz4=,5rBbZFd8F5MBGDFOfkaqIHwbj2I=
102,-18,ZkESR6uw0PZ6kRjwyZT6wAJhAz4=,5rBbZFd8F5MBGDFOfkaqIHwbj2I=
101,-18,ZkESR6uw0PZ6kRjwyZT6wAJhAz4=,5rBbZFd8F5MBGDFOfkaqIHwbj2I=
106,-18,ZkESR6uw0PZ6kRjwyZT6wAJhAz4=,5rBbZFd8F5MBGDFOfkaqIHwbj2I=
105,-29,ZkESR6uw0PZ6kRjwyZT6wAJhAz4=,5rBbZFd8F5MBGDFOfkaqIHwbj2I=
97,-31,ZkESR6uw0PZ6kRjwyZT6wAJhAz4=,5rBbZFd8F5MBGDFOfkaqIHwbj2I=
98,-18,ZkESR6uw0PZ6kRjwyZT6wAJhAz4=,5rBbZFd8F5MBGDFOfkaqIHwbj2I=
111,-18,ZkESR6uw0PZ6kRjwyZT6wAJhAz4=,5rBbZFd8F5MBGDFOfkaqIHwbj2I=
96,-18,ZkESR6uw0PZ6kRjwyZT6wAJhAz4=,5rBbZFd8F5MBGDFOfkaqIHwbj2I=
97,-18,ZkESR6uw0PZ6kRjwyZT6wAJhAz4=,5rBbZFd8F5MBGDFOfkaqIHwbj2I=
96,-31,ZkESR6uw0PZ6kRjwyZT6wAJhAz4=,5rBbZFd8F5MBGDFOfkaqIHwbj2I=
97,-32,ZkESR6uw0PZ6kRjwyZT6wAJhAz4=,5rBbZFd8F5MBGDFOfkaqIHwbj2I=
96,-28,ZkESR6uw0PZ6kRjwyZT6wAJhAz4=,5rBbZFd8F5MBGDFOfkaqIHwbj2I=
107,-19,ZkESR6uw0PZ6kRjwyZT6wAJhAz4=,5rBbZFd8F5MBGDFOfkaqIHwbj2I=
106,-19,ZkESR6uw0PZ6kRjwyZT6wAJhAz4=,5rBbZFd8F5MBGDFOfkaqIHwbj2I=
108,-19,ZkESR6uw0PZ6kRjwyZT6wAJhAz4=,5rBbZFd8F5MBGDFOfkaqIHwbj2I=
101,-32,ZkESR6uw0PZ6kRjwyZT6wAJhAz4=,5rBbZFd8F5MBGDFOfkaqIHwbj2I=
111,-19,ZkESR6uw0PZ6kRjwyZT6wAJhAz4=,5rBbZFd8F5MBGDFOfkaqIHwbj2I=
105,-19,ZkESR6uw0PZ6kRjwyZT6wAJhAz4=,5rBbZFd8F5MBGDFOfkaqIHwbj2I=
110,-19,ZkESR6uw0PZ6kRjwyZT6wAJhAz4=,5rBbZFd8F5MBGDFOfkaqIHwbj2I=
99,-19,ZkESR6uw0PZ6kRjwyZT6wAJhAz4=,5rBbZFd8F5MBGDFOfkaqIHwbj2I=
104,-19,ZkESR6uw0PZ6kRjwyZT6wAJhAz4=,5rBbZFd8F5MBGDFOfkaqIHwbj2I=
103,-19,ZkESR6uw0PZ6kRjwyZT6wAJhAz4=,5rBbZFd8F5MBGDFOfkaqIHwbj2I=
111,-32,ZkESR6uw0PZ6kRjwyZT6wAJhAz4=,5rBbZFd8F5MBGDFOfkaqIHwbj2I=
100,-19,ZkESR6uw0PZ6kRjwyZT6wAJhAz4=,5rBbZFd8F5MBGDFOfkaqIHwbj2I=
97,-19,ZkESR6uw0PZ6kRjwyZT6wAJhAz4=,5rBbZFd8F5MBGDFOfkaqIHwbj2I=
104,-29,ZkESR6uw0PZ6kRjwyZT6wAJhAz4=,5rBbZFd8F5MBGDFOfkaqIHwbj2I=
109,-31,ZkESR6uw0PZ6kRjwyZT6wAJhAz4=,5rBbZFd8F5MBGDFOfkaqIHwbj2I=
98,-19,ZkESR6uw0PZ6kRjwyZT6wAJhAz4=,5rBbZFd8F5MBGDFOfkaqIHwbj2I=
98,-31,ZkESR6uw0PZ6kRjwyZT6wAJhAz4=,5rBbZFd8F5MBGDFOfkaqIHwbj2I=
102,-19,ZkESR6uw0PZ6kRjwyZT6wAJhAz4=,5rBbZFd8F5MBGDFOfkaqIHwbj2I=
101,-19,ZkESR6uw0PZ6kRjwyZT6wAJhAz4=,5rBbZFd8F5MBGDFOfkaqIHwbj2I=
108,-31,ZkESR6uw0PZ6kRjwyZT6wAJhAz4=,5rBbZFd8F5MBGDFOfkaqIHwbj2I=
96,-19,ZkESR6uw0PZ6kRjwyZT6wAJhAz4=,5rBbZFd8F5MBGDFOfkaqIHwbj2I=
111,-20,ZkESR6uw0PZ6kRjwyZT6wAJhAz4=,5rBbZFd8F5MBGDFOfkaqIHwbj2I=
108,-20,ZkESR6uw0PZ6kRjwyZT6wAJhAz4=,5rBbZFd8F5MBGDFOfkaqIHwbj2I=
109,-20,ZkESR6uw0PZ6kRjwyZT6wAJhAz4=,5rBbZFd8F5MBGDFOfkaqIHwbj2I=
107,-20,ZkESR6uw0PZ6kRjwyZT6wAJhAz4=,5rBbZFd8F5MBGDFOfkaqIHwbj2I=
110,-20,ZkESR6uw0PZ6kRjwyZT6wAJhAz4=,5rBbZFd8F5MBGDFOfkaqIHwbj2I=
106,-20,ZkESR6uw0PZ6kRjwyZT6wAJhAz4=,5rBbZFd8F5MBGDFOfkaqIHwbj2I=
110,-32,ZkESR6uw0PZ6kRjwyZT6wAJhAz4=,5rBbZFd8F5MBGDFOfkaqIHwbj2I=
103,-20,ZkESR6uw0PZ6kRjwyZT6wAJhAz4=,5rBbZFd8F5MBGDFOfkaqIHwbj2I=
104,-20,ZkESR6uw0PZ6kRjwyZT6wAJhAz4=,5rBbZFd8F5MBGDFOfkaqIHwbj2I=
103,-29,ZkESR6uw0PZ6kRjwyZT6wAJhAz4=,5rBbZFd8F5MBGDFOfkaqIHwbj2I=
102,-20,ZkESR6uw0PZ6kRjwyZT6wAJhAz4=,5rBbZFd8F5MBGDFOfkaqIHwbj2I=
100,-20,ZkESR6uw0PZ6kRjwyZT6wAJhAz4=,5rBbZFd8F5MBGDFOfkaqIHwbj2I=
99,-20,ZkESR6uw0PZ6kRjwyZT6wAJhAz4=,5rBbZFd8F5MBGDFOfkaqIHwbj2I=
98,-20,ZkESR6uw0PZ6kRjwyZT6wAJhAz4=,5rBbZFd8F5MBGDFOfkaqIHwbj2I=
101,-20,ZkESR6uw0PZ6kRjwyZT6wAJhAz4=,5rBbZFd8F5MBGDFOfkaqIHwbj2I=
107,-31,ZkESR6uw0PZ6kRjwyZT6wAJhAz4=,5rBbZFd8F5MBGDFOfkaqIHwbj2I=
97,-20,ZkESR6uw0PZ6kRjwyZT6wAJhAz4=,5rBbZFd8F5MBGDFOfkaqIHwbj2I=
105,-20,ZkESR6uw0PZ6kRjwyZT6wAJhAz4=,5rBbZFd8F5MBGDFOfkaqIHwbj2I=
111,-21,ZkESR6uw0PZ6kRjwyZT6wAJhAz4=,5rBbZFd8F5MBGDFOfkaqIHwbj2I=
105,-21,ZkESR6uw0PZ6kRjwyZT6wAJhAz4=,5rBbZFd8F5MBGDFOfkaqIHwbj2I=
109,-21,ZkESR6uw0PZ6kRjwyZT6wAJhAz4=,5rBbZFd8F5MBGDFOfkaqIHwbj2I=
97,-28,ZkESR6uw0PZ6kRjwyZT6wAJhAz4=,5rBbZFd8F5MBGDFOfkaqIHwbj2I=
96,-20,ZkESR6uw0PZ6kRjwyZT6wAJhAz4=,5rBbZFd8F5MBGDFOfkaqIHwbj2I=
106,-21,ZkESR6uw0PZ6kRjwyZT6wAJhAz4=,5rBbZFd8F5MBGDFOfkaqIHwbj2I=
108,-21,ZkESR6uw0PZ6kRjwyZT6wAJhAz4=,5rBbZFd8F5MBGDFOfkaqIHwbj2I=
110,-21,ZkESR6uw0PZ6kRjwyZT6wAJhAz4=,5rBbZFd8F5MBGDFOfkaqIHwbj2I=
107,-21,ZkESR6uw0PZ6kRjwyZT6wAJhAz4=,5rBbZFd8F5MBGDFOfkaqIHwbj2I=
102,-29,ZkESR6uw0PZ6kRjwyZT6wAJhAz4=,5rBbZFd8F5MBGDFOfkaqIHwbj2I=
109,-32,ZkESR6uw0PZ6kRjwyZT6wAJhAz4=,5rBbZFd8F5MBGDFOfkaqIHwbj2I=
104,-21,ZkESR6uw0PZ6kRjwyZT6wAJhAz4=,5rBbZFd8F5MBGDFOfkaqIHwbj2I=
103,-21,ZkESR6uw0PZ6kRjwyZT6wAJhAz4=,5rBbZFd8F5MBGDFOfkaqIHwbj2I=
101,-21,ZkESR6uw0PZ6kRjwyZT6wAJhAz4=,5rBbZFd8F5MBGDFOfkaqIHwbj2I=
102,-21,ZkESR6uw0PZ6kRjwyZT6wAJhAz4=,5rBbZFd8F5MBGDFOfkaqIHwbj2I=
100,-21,ZkESR6uw0PZ6kRjwyZT6wAJhAz4=,5rBbZFd8F5MBGDFOfkaqIHwbj2I=
106,-31,ZkESR6uw0PZ6kRjwyZT6wAJhAz4=,5rBbZFd8F5MBGDFOfkaqIHwbj2I=
99,-21,ZkESR6uw0PZ6kRjwyZT6wAJhAz4=,5rBbZFd8F5MBGDFOfkaqIHwbj2I=
109,-19,ZkESR6uw0PZ6kRjwyZT6wAJhAz4=,5rBbZFd8F5MBGDFOfkaqIHwbj2I=
98,-21,ZkESR6uw0PZ6kRjwyZT6wAJhAz4=,5rBbZFd8F5MBGDFOfkaqIHwbj2I=
109,-22,ZkESR6uw0PZ6kRjwyZT6wAJhAz4=,5rBbZFd8F5MBGDFOfkaqIHwbj2I=
96,-21,ZkESR6uw0PZ6kRjwyZT6wAJhAz4=,5rBbZFd8F5MBGDFOfkaqIHwbj2I=
108,-22,ZkESR6uw0PZ6kRjwyZT6wAJhAz4=,5rBbZFd8F5MBGDFOfkaqIHwbj2I=
97,-21,ZkESR6uw0PZ6kRjwyZT6wAJhAz4=,5rBbZFd8F5MBGDFOfkaqIHwbj2I=
111,-22,ZkESR6uw0PZ6kRjwyZT6wAJhAz4=,5rBbZFd8F5MBGDFOfkaqIHwbj2I=
110,-22,ZkESR6uw0PZ6kRjwyZT6wAJhAz4=,5rBbZFd8F5MBGDFOfkaqIHwbj2I=
101,-29,ZkESR6uw0PZ6kRjwyZT6wAJhAz4=,5rBbZFd8F5MBGDFOfkaqIHwbj2I=
105,-22,ZkESR6uw0PZ6kRjwyZT6wAJhAz4=,5rBbZFd8F5MBGDFOfkaqIHwbj2I=
101,-22,ZkESR6uw0PZ6kRjwyZT6wAJhAz4=,5rBbZFd8F5MBGDFOfkaqIHwbj2I=
102,-22,ZkESR6uw0PZ6kRjwyZT6wAJhAz4=,5rBbZFd8F5MBGDFOfkaqIHwbj2I=
105,-31,ZkESR6uw0PZ6kRjwyZT6wAJhAz4=,5rBbZFd8F5MBGDFOfkaqIHwbj2I=
98,-28,ZkESR6uw0PZ6kRjwyZT6wAJhAz4=,5rBbZFd8F5MBGDFOfkaqIHwbj2I=
100,-22,ZkESR6uw0PZ6kRjwyZT6wAJhAz4=,5rBbZFd8F5MBGDFOfkaqIHwbj2I=
99,-28,ZkESR6uw0PZ6kRjwyZT6wAJhAz4=,5rBbZFd8F5MBGDFOfkaqIHwbj2I=
99,-22,ZkESR6uw0PZ6kRjwyZT6wAJhAz4=,5rBbZFd8F5MBGDFOfkaqIHwbj2I=
100,-28,ZkESR6uw0PZ6kRjwyZT6wAJhAz4=,5rBbZFd8F5MBGDFOfkaqIHwbj2I=
96,-22,ZkESR6uw0PZ6kRjwyZT6wAJhAz4=,5rBbZFd8F5MBGDFOfkaqIHwbj2I=
101,-28,ZkESR6uw0PZ6kRjwyZT6wAJhAz4=,5rBbZFd8F5MBGDFOfkaqIHwbj2I=
102,-28,ZkESR6uw0PZ6kRjwyZT6wAJhAz4=,5rBbZFd8F5MBGDFOfkaqIHwbj2I=
110,-23,ZkESR6uw0PZ6kRjwyZT6wAJhAz4=,5rBbZFd8F5MBGDFOfkaqIHwbj2I=
103,-28,ZkESR6uw0PZ6kRjwyZT6wAJhAz4=,5rBbZFd8F5MBGDFOfkaqIHwbj2I=
97,-22,ZkESR6uw0PZ6kRjwyZT6wAJhAz4=,5rBbZFd8F5MBGDFOfkaqIHwbj2I=
109,-23,ZkESR6uw0PZ6kRjwyZT6wAJhAz4=,5rBbZFd8F5MBGDFOfkaqIHwbj2I=
98,-22,ZkESR6uw0PZ6kRjwyZT6wAJhAz4=,5rBbZFd8F5MBGDFOfkaqIHwbj2I=
106,-22,ZkESR6uw0PZ6kRjwyZT6wAJhAz4=,5rBbZFd8F5MBGDFOfkaqIHwbj2I=
111,-23,ZkESR6uw0PZ6kRjwyZT6wAJhAz4=,5rBbZFd8F5MBGDFOfkaqIHwbj2I=
103,-22,ZkESR6uw0PZ6kRjwyZT6wAJhAz4=,5rBbZFd8F5MBGDFOfkaqIHwbj2I=
108,-32,ZkESR6uw0PZ6kRjwyZT6wAJhAz4=,5rBbZFd8F5MBGDFOfkaqIHwbj2I=
104,-28,ZkESR6uw0PZ6kRjwyZT6wAJhAz4=,5rBbZFd8F5MBGDFOfkaqIHwbj2I=
107,-32,ZkESR6uw0PZ6kRjwyZT6wAJhAz4=,5rBbZFd8F5MBGDFOfkaqIHwbj2I=
104,-22,ZkESR6uw0PZ6kRjwyZT6wAJhAz4=,5rBbZFd8F5MBGDFOfkaqIHwbj2I=
105,-23,ZkESR6uw0PZ6kRjwyZT6wAJhAz4=,5rBbZFd8F5MBGDFOfkaqIHwbj2I=
108,-23,ZkESR6uw0PZ6kRjwyZT6wAJhAz4=,5rBbZFd8F5MBGDFOfkaqIHwbj2I=
103,-23,ZkESR6uw0PZ6kRjwyZT6wAJhAz4=,5rBbZFd8F5MBGDFOfkaqIHwbj2I=
105,-28,ZkESR6uw0PZ6kRjwyZT6wAJhAz4=,5rBbZFd8F5MBGDFOfkaqIHwbj2I=
106,-23,ZkESR6uw0PZ6kRjwyZT6wAJhAz4=,5rBbZFd8F5MBGDFOfkaqIHwbj2I=
104,-23,ZkESR6uw0PZ6kRjwyZT6wAJhAz4=,5rBbZFd8F5MBGDFOfkaqIHwbj2I=
107,-23,ZkESR6uw0PZ6kRjwyZT6wAJhAz4=,5rBbZFd8F5MBGDFOfkaqIHwbj2I=
100,-29,ZkESR6uw0PZ6kRjwyZT6wAJhAz4=,5rBbZFd8F5MBGDFOfkaqIHwbj2I=
106,-28,ZkESR6uw0PZ6kRjwyZT6wAJhAz4=,5rBbZFd8F5MBGDFOfkaqIHwbj2I=
107,-28,ZkESR6uw0PZ6kRjwyZT6wAJhAz4=,5rBbZFd8F5MBGDFOfkaqIHwbj2I=
98,-23,ZkESR6uw0PZ6kRjwyZT6wAJhAz4=,5rBbZFd8F5MBGDFOfkaqIHwbj2I=
102,-23,ZkESR6uw0PZ6kRjwyZT6wAJhAz4=,5rBbZFd8F5MBGDFOfkaqIHwbj2I=
100,-23,ZkESR6uw0PZ6kRjwyZT6wAJhAz4=,5rBbZFd8F5MBGDFOfkaqIHwbj2I=
99,-23,ZkESR6uw0PZ6kRjwyZT6wAJhAz4=,5rBbZFd8F5MBGDFOfkaqIHwbj2I=
111,-30,ZkESR6uw0PZ6kRjwyZT6wAJhAz4=,5rBbZFd8F5MBGDFOfkaqIHwbj2I=
104,-31,ZkESR6uw0PZ6kRjwyZT6wAJhAz4=,5rBbZFd8F5MBGDFOfkaqIHwbj2I=
97,-23,ZkESR6uw0PZ6kRjwyZT6wAJhAz4=,5rBbZFd8F5MBGDFOfkaqIHwbj2I=
101,-23,ZkESR6uw0PZ6kRjwyZT6wAJhAz4=,5rBbZFd8F5MBGDFOfkaqIHwbj2I=
107,-22,ZkESR6uw0PZ6kRjwyZT6wAJhAz4=,5rBbZFd8F5MBGDFOfkaqIHwbj2I=
96,-23,ZkESR6uw0PZ6kRjwyZT6wAJhAz4=,5rBbZFd8F5MBGDFOfkaqIHwbj2I=
109,-24,ZkESR6uw0PZ6kRjwyZT6wAJhAz4=,5rBbZFd8F5MBGDFOfkaqIHwbj2I=
107,-24,ZkESR6uw0PZ6kRjwyZT6wAJhAz4=,5rBbZFd8F5MBGDFOfkaqIHwbj2I=
102,-32,ZkESR6uw0PZ6kRjwyZT6wAJhAz4=,5rBbZFd8F5MBGDFOfkaqIHwbj2I=
108,-24,ZkESR6uw0PZ6kRjwyZT6wAJhAz4=,5rBbZFd8F5MBGDFOfkaqIHwbj2I=
110,-24,ZkESR6uw0PZ6kRjwyZT6wAJhAz4=,5rBbZFd8F5MBGDFOfkaqIHwbj2I=
111,-24,ZkESR6uw0PZ6kRjwyZT6wAJhAz4=,5rBbZFd8F5MBGDFOfkaqIHwbj2I=
108,-28,ZkESR6uw0PZ6kRjwyZT6wAJhAz4=,5rBbZFd8F5MBGDFOfkaqIHwbj2I=
99,-29,ZkESR6uw0PZ6kRjwyZT6wAJhAz4=,5rBbZFd8F5MBGDFOfkaqIHwbj2I=
106,-32,ZkESR6uw0PZ6kRjwyZT6wAJhAz4=,5rBbZFd8F5MBGDFOfkaqIHwbj2I=
104,-24,ZkESR6uw0PZ6kRjwyZT6wAJhAz4=,5rBbZFd8F5MBGDFOfkaqIHwbj2I=
106,-24,ZkESR6uw0PZ6kRjwyZT6wAJhAz4=,5rBbZFd8F5MBGDFOfkaqIHwbj2I=
98,-24,ZkESR6uw0PZ6kRjwyZT6wAJhAz4=,5rBbZFd8F5MBGDFOfkaqIHwbj2I=
103,-24,ZkESR6uw0PZ6kRjwyZT6wAJhAz4=,5rBbZFd8F5MBGDFOfkaqIHwbj2I=
97,-24,ZkESR6uw0PZ6kRjwyZT6wAJhAz4=,5rBbZFd8F5MBGDFOfkaqIHwbj2I=
99,-24,ZkESR6uw0PZ6kRjwyZT6wAJhAz4=,5rBbZFd8F5MBGDFOfkaqIHwbj2I=
102,-24,ZkESR6uw0PZ6kRjwyZT6wAJhAz4=,5rBbZFd8F5MBGDFOfkaqIHwbj2I=
109,-28,ZkESR6uw0PZ6kRjwyZT6wAJhAz4=,5rBbZFd8F5MBGDFOfkaqIHwbj2I=
101,-24,ZkESR6uw0PZ6kRjwyZT6wAJhAz4=,5rBbZFd8F5MBGDFOfkaqIHwbj2I=
100,-24,ZkESR6uw0PZ6kRjwyZT6wAJhAz4=,5rBbZFd8F5MBGDFOfkaqIHwbj2I=
111,-25,ZkESR6uw0PZ6kRjwyZT6wAJhAz4=,5rBbZFd8F5MBGDFOfkaqIHwbj2I=
103,-31,ZkESR6uw0PZ6kRjwyZT6wAJhAz4=,5rBbZFd8F5MBGDFOfkaqIHwbj2I=
110,-28,ZkESR6uw0PZ6kRjwyZT6wAJhAz4=,5rBbZFd8F5MBGDFOfkaqIHwbj2I=
106,-25,ZkESR6uw0PZ6kRjwyZT6wAJhAz4=,5rBbZFd8F5MBGDFOfkaqIHwbj2I=
110,-25,ZkESR6uw0PZ6kRjwyZT6wAJhAz4=,5rBbZFd8F5MBGDFOfkaqIHwbj2I=
96,-24,ZkESR6uw0PZ6kRjwyZT6wAJhAz4=,5rBbZFd8F5MBGDFOfkaqIHwbj2I=
111,-28,ZkESR6uw0PZ6kRjwyZT6wAJhAz4=,5rBbZFd8F5MBGDFOfkaqIHwbj2I=
105,-25,ZkESR6uw0PZ6kRjwyZT6wAJhAz4=,5rBbZFd8F5MBGDFOfkaqIHwbj2I=
108,-25,ZkESR6uw0PZ6kRjwyZT6wAJhAz4=,5rBbZFd8F5MBGDFOfkaqIHwbj2I=
109,-25,ZkESR6uw0PZ6kRjwyZT6wAJhAz4=,5rBbZFd8F5MBGDFOfkaqIHwbj2I=
107,-25,ZkESR6uw0PZ6kRjwyZT6wAJhAz4=,5rBbZFd8F5MBGDFOfkaqIHwbj2I=
105,-32,ZkESR6uw0PZ6kRjwyZT6wAJhAz4=,5rBbZFd8F5MBGDFOfkaqIHwbj2I=
102,-25,ZkESR6uw0PZ6kRjwyZT6wAJhAz4=,5rBbZFd8F5MBGDFOfkaqIHwbj2I=
103,-25,ZkESR6uw0PZ6kRjwyZT6wAJhAz4=,5rBbZFd8F5MBGDFOfkaqIHwbj2I=
104,-25,ZkESR6uw0PZ6kRjwyZT6wAJhAz4=,5rBbZFd8F5MBGDFOfkaqIHwbj2I=
105,-24,ZkESR6uw0PZ6kRjwyZT6wAJhAz4=,5rBbZFd8F5MBGDFOfkaqIHwbj2I=
100,-25,ZkESR6uw0PZ6kRjwyZT6wAJhAz4=,5rBbZFd8F5MBGDFOfkaqIHwbj2I=
96,-27,ZkESR6uw0PZ6kRjwyZT6wAJhAz4=,5rBbZFd8F5MBGDFOfkaqIHwbj2I=
98,-29,ZkESR6uw0PZ6kRjwyZT6wAJhAz4=,5rBbZFd8F5MBGDFOfkaqIHwbj2I=
98,-25,ZkESR6uw0PZ6kRjwyZT6wAJhAz4=,5rBbZFd8F5MBGDFOfkaqIHwbj2I=
96,-25,ZkESR6uw0PZ6kRjwyZT6wAJhAz4=,5rBbZFd8F5MBGDFOfkaqIHwbj2I=
99,-25,ZkESR6uw0PZ6kRjwyZT6wAJhAz4=,5rBbZFd8F5MBGDFOfkaqIHwbj2I=
97,-25,ZkESR6uw0PZ6kRjwyZT6wAJhAz4=,5rBbZFd8F5MBGDFOfkaqIHwbj2I=
101,-25,ZkESR6uw0PZ6kRjwyZT6wAJhAz4=,5rBbZFd8F5MBGDFOfkaqIHwbj2I=
111,-26,ZkESR6uw0PZ6kRjwyZT6wAJhAz4=,5rBbZFd8F5MBGDFOfkaqIHwbj2I=
108,-26,ZkESR6uw0PZ6kRjwyZT6wAJhAz4=,5rBbZFd8F5MBGDFOfkaqIHwbj2I=
102,-31,ZkESR6uw0PZ6kRjwyZT6wAJhAz4=,5rBbZFd8F5MBGDFOfkaqIHwbj2I=
99,-31,ZkESR6uw0PZ6kRjwyZT6wAJhAz4=,5rBbZFd8F5MBGDFOfkaqIHwbj2I=
106,-26,ZkESR6uw0PZ6kRjwyZT6wAJhAz4=,5rBbZFd8F5MBGDFOfkaqIHwbj2I=
110,-26,ZkESR6uw0PZ6kRjwyZT6wAJhAz4=,5rBbZFd8F5MBGDFOfkaqIHwbj2I=
109,-26,ZkESR6uw0PZ6kRjwyZT6wAJhAz4=,5rBbZFd8F5MBGDFOfkaqIHwbj2I=
102,-26,ZkESR6uw0PZ6kRjwyZT6wAJhAz4=,5rBbZFd8F5MBGDFOfkaqIHwbj2I=
107,-26,ZkESR6uw0PZ6kRjwyZT6wAJhAz4=,5rBbZFd8F5MBGDFOfkaqIHwbj2I=
101,-26,ZkESR6uw0PZ6kRjwyZT6wAJhAz4=,5rBbZFd8F5MBGDFOfkaqIHwbj2I=
104,-26,ZkESR6uw0PZ6kRjwyZT6wAJhAz4=,5rBbZFd8F5MBGDFOfkaqIHwbj2I=
97,-29,ZkESR6uw0PZ6kRjwyZT6wAJhAz4=,5rBbZFd8F5MBGDFOfkaqIHwbj2I=
103,-26,ZkESR6uw0PZ6kRjwyZT6wAJhAz4=,5rBbZFd8F5MBGDFOfkaqIHwbj2I=
105,-26,ZkESR6uw0PZ6kRjwyZT6wAJhAz4=,5rBbZFd8F5MBGDFOfkaqIHwbj2I=
111,-27,ZkESR6uw0PZ6kRjwyZT6wAJhAz4=,5rBbZFd8F5MBGDFOfkaqIHwbj2I=
97,-27,ZkESR6uw0PZ6kRjwyZT6wAJhAz4=,5rBbZFd8F5MBGDFOfkaqIHwbj2I=
98,-26,ZkESR6uw0PZ6kRjwyZT6wAJhAz4=,5rBbZFd8F5MBGDFOfkaqIHwbj2I=
97,-26,ZkESR6uw0PZ6kRjwyZT6wAJhAz4=,5rBbZFd8F5MBGDFOfkaqIHwbj2I=
99,-26,ZkESR6uw0PZ6kRjwyZT6wAJhAz4=,5rBbZFd8F5MBGDFOfkaqIHwbj2I=
100,-26,ZkESR6uw0PZ6kRjwyZT6wAJhAz4=,5rBbZFd8F5MBGDFOfkaqIHwbj2I=
101,-31,ZkESR6uw0PZ6kRjwyZT6wAJhAz4=,5rBbZFd8F5MBGDFOfkaqIHwbj2I=
96,-26,ZkESR6uw0PZ6kRjwyZT6wAJhAz4=,5rBbZFd8F5MBGDFOfkaqIHwbj2I=
108,-27,ZkESR6uw0PZ6kRjwyZT6wAJhAz4=,5rBbZFd8F5MBGDFOfkaqIHwbj2I=
98,-27,ZkESR6uw0PZ6kRjwyZT6wAJhAz4=,5rBbZFd8F5MBGDFOfkaqIHwbj2I=
103,-32,ZkESR6uw0PZ6kRjwyZT6wAJhAz4=,5rBbZFd8F5MBGDFOfkaqIHwbj2I=
96,-29,ZkESR6uw0PZ6kRjwyZT6wAJhAz4=,5rBbZFd8F5MBGDFOfkaqIHwbj2I=
110,-27,ZkESR6uw0PZ6kRjwyZT6wAJhAz4=,5rBbZFd8F5MBGDFOfkaqIHwbj2I=
99,-27,ZkESR6uw0PZ6kRjwyZT6wAJhAz4=,5rBbZFd8F5MBGDFOfkaqIHwbj2I=
109,-27,ZkESR6uw0PZ6kRjwyZT6wAJhAz4=,5rBbZFd8F5MBGDFOfkaqIHwbj2I=
104,-27,ZkESR6uw0PZ6kRjwyZT6wAJhAz4=,5rBbZFd8F5MBGDFOfkaqIHwbj2I=
103,-27,ZkESR6uw0PZ6kRjwyZT6wAJhAz4=,5rBbZFd8F5MBGDFOfkaqIHwbj2I=
107,-27,ZkESR6uw0PZ6kRjwyZT6wAJhAz4=,5rBbZFd8F5MBGDFOfkaqIHwbj2I=
100,-27,ZkESR6uw0PZ6kRjwyZT6wAJhAz4=,5rBbZFd8F5MBGDFOfkaqIHwbj2I=
104,-32,ZkESR6uw0PZ6kRjwyZT6wAJhAz4=,5rBbZFd8F5MBGDFOfkaqIHwbj2I=
102,-27,ZkESR6uw0PZ6kRjwyZT6wAJhAz4=,5rBbZFd8F5MBGDFOfkaqIHwbj2I=
100,-31,ZkESR6uw0PZ6kRjwyZT6wAJhAz4=,5rBbZFd8F5MBGDFOfkaqIHwbj2I=
105,-27,ZkESR6uw0PZ6kRjwyZT6wAJhAz4=,5rBbZFd8F5MBGDFOfkaqIHwbj2I=
106,-27,ZkESR6uw0PZ6kRjwyZT6wAJhAz4=,5rBbZFd8F5MBGDFOfkaqIHwbj2I=
101,-27,ZkESR6uw0PZ6kRjwyZT6wAJhAz4=,5rBbZFd8F5MBGDFOfkaqIHwbj2I=
96,-16,nYVuZMM/1iWbjLEIFzKOFFXGeg0=,HeqXnW8S27dELY6LDa2Ncp8TTco=
99,-16,nYVuZMM/1iWbjLEIFzKOFFXGeg0=,HeqXnW8S27dELY6LDa2Ncp8TTco=
109,-14,nYVuZMM/1iWbjLEIFzKOFFXGeg0=,HeqXnW8S27dELY6LDa2Ncp8TTco=
111,-15,nYVuZMM/1iWbjLEIFzKOFFXGeg0=,HeqXnW8S27dELY6LDa2Ncp8TTco=
108,-14,nYVuZMM/1iWbjLEIFzKOFFXGeg0=,HeqXnW8S27dELY6LDa2Ncp8TTco=
107,-14,nYVuZMM/1iWbjLEIFzKOFFXGeg0=,HeqXnW8S27dELY6LDa2Ncp8TTco=
101,-14,nYVuZMM/1iWbjLEIFzKOFFXGeg0=,HeqXnW8S27dELY6LDa2Ncp8TTco=
103,-14,nYVuZMM/1iWbjLEIFzKOFFXGeg0=,HeqXnW8S27dELY6LDa2Ncp8TTco=
99,-14,nYVuZMM/1iWbjLEIFzKOFFXGeg0=,HeqXnW8S27dELY6LDa2Ncp8TTco=
111,-1,nYVuZMM/1iWbjLEIFzKOFFXGeg0=,HeqXnW8S27dELY6LDa2Ncp8TTco=
100,-14,nYVuZMM/1iWbjLEIFzKOFFXGeg0=,HeqXnW8S27dELY6LDa2Ncp8TTco=
102,-14,nYVuZMM/1iWbjLEIFzKOFFXGeg0=,HeqXnW8S27dELY6LDa2Ncp8TTco=
106,-14,nYVuZMM/1iWbjLEIFzKOFFXGeg0=,HeqXnW8S27dELY6LDa2Ncp8TTco=
98,-14,nYVuZMM/1iWbjLEIFzKOFFXGeg0=,HeqXnW8S27dELY6LDa2Ncp8TTco=
97,-14,nYVuZMM/1iWbjLEIFzKOFFXGeg0=,HeqXnW8S27dELY6LDa2Ncp8TTco=
96,-14,nYVuZMM/1iWbjLEIFzKOFFXGeg0=,HeqXnW8S27dELY6LDa2Ncp8TTco=
110,-1,nYVuZMM/1iWbjLEIFzKOFFXGeg0=,HeqXnW8S27dELY6LDa2Ncp8TTco=
107,-1,nYVuZMM/1iWbjLEIFzKOFFXGeg0=,HeqXnW8S27dELY6LDa2Ncp8TTco=
109,-1,nYVuZMM/1iWbjLEIFzKOFFXGeg0=,HeqXnW8S27dELY6LDa2Ncp8TTco=
107,-13,nYVuZMM/1iWbjLEIFzKOFFXGeg0=,HeqXnW8S27dELY6LDa2Ncp8TTco=
108,-1,nYVuZMM/1iWbjLEIFzKOFFXGeg0=,HeqXnW8S27dELY6LDa2Ncp8TTco=
106,-1,nYVuZMM/1iWbjLEIFzKOFFXGeg0=,HeqXnW8S27dELY6LDa2Ncp8TTco=
103,-1,nYVuZMM/1iWbjLEIFzKOFFXGeg0=,HeqXnW8S27dELY6LDa2Ncp8TTco=
104,-1,nYVuZMM/1iWbjLEIFzKOFFXGeg0=,HeqXnW8S27dELY6LDa2Ncp8TTco=
102,-1,nYVuZMM/1iWbjLEIFzKOFFXGeg0=,HeqXnW8S27dELY6LDa2Ncp8TTco=
105,-1,nYVuZMM/1iWbjLEIFzKOFFXGeg0=,HeqXnW8S27dELY6LDa2Ncp8TTco=
104,-14,nYVuZMM/1iWbjLEIFzKOFFXGeg0=,HeqXnW8S27dELY6LDa2Ncp8TTco=
106,-13,nYVuZMM/1iWbjLEIFzKOFFXGeg0=,HeqXnW8S27dELY6LDa2Ncp8TTco=
98,-16,nYVuZMM/1iWbjLEIFzKOFFXGeg0=,HeqXnW8S27dELY6LDa2Ncp8TTco=
101,-1,nYVuZMM/1iWbjLEIFzKOFFXGeg0=,HeqXnW8S27dELY6LDa2Ncp8TTco=
100,-1,nYVuZMM/1iWbjLEIFzKOFFXGeg0=,HeqXnW8S27dELY6LDa2Ncp8TTco=
99,-1,nYVuZMM/1iWbjLEIFzKOFFXGeg0=,HeqXnW8S27dELY6LDa2Ncp8TTco=
109,-2,nYVuZMM/1iWbjLEIFzKOFFXGeg0=,HeqXnW8S27dELY6LDa2Ncp8TTco=
107,-2,nYVuZMM/1iWbjLEIFzKOFFXGeg0=,HeqXnW8S27dELY6LDa2Ncp8TTco=
98,-1,nYVuZMM/1iWbjLEIFzKOFFXGeg0=,HeqXnW8S27dELY6LDa2Ncp8TTco=
111,-2,nYVuZMM/1iWbjLEIFzKOFFXGeg0=,HeqXnW8S27dELY6LDa2Ncp8TTco=
106,-2,nYVuZMM/1iWbjLEIFzKOFFXGeg0=,HeqXnW8S27dELY6LDa2Ncp8TTco=
108,-2,nYVuZMM/1iWbjLEIFzKOFFXGeg0=,HeqXnW8S27dELY6LDa2Ncp8TTco=
97,-1,nYVuZMM/1iWbjLEIFzKOFFXGeg0=,HeqXnW8S27dELY6LDa2Ncp8TTco=
110,-2,nYVuZMM/1iWbjLEIFzKOFFXGeg0=,HeqXnW8S27dELY6LDa2Ncp8TTco=
110,-15,nYVuZMM/1iWbjLEIFzKOFFXGeg0=,HeqXnW8S27dELY6LDa2Ncp8TTco=
103,-2,nYVuZMM/1iWbjLEIFzKOFFXGeg0=,HeqXnW8S27dELY6LDa2Ncp8TTco=
104,-2,nYVuZMM/1iWbjLEIFzKOFFXGeg0=,HeqXnW8S27dELY6LDa2Ncp8TTco=
96,-1,nYVuZMM/1iWbjLEIFzKOFFXGeg0=,HeqXnW8S27dELY6LDa2Ncp8TTco=
105,-14,nYVuZMM/1iWbjLEIFzKOFFXGeg0=,HeqXnW8S27dELY6LDa2Ncp8TTco=
105,-2,nYVuZMM/1iWbjLEIFzKOFFXGeg0=,HeqXnW8S27dELY6LDa2Ncp8TTco=
96,-15,nYVuZMM/1iWbjLEIFzKOFFXGeg0=,HeqXnW8S27dELY6LDa2Ncp8TTco=
97,-15,nYVuZMM/1iWbjLEIFzKOFFXGeg0=,HeqXnW8S27dELY6LDa2Ncp8TTco=
102,-2,nYVuZMM/1iWbjLEIFzKOFFXGeg0=,HeqXnW8S27dELY6LDa2Ncp8TTco=
111,-3,nYVuZMM/1iWbjLEIFzKOFFXGeg0=,HeqXnW8S27dELY6LDa2Ncp8TTco=
110,-3,nYVuZMM/1iWbjLEIFzKOFFXGeg0=,HeqXnW8S27dELY6LDa2Ncp8TTco=
109,-3,nYVuZMM/1iWbjLEIFzKOFFXGeg0=,HeqXnW8S27dELY6LDa2Ncp8TTco=
97,-16,nYVuZMM/1iWbjLEIFzKOFFXGeg0=,HeqXnW8S27dELY6LDa2Ncp8TTco=
107,-3,nYVuZMM/1iWbjLEIFzKOFFXGeg0=,HeqXnW8S27dELY6LDa2Ncp8TTco=
101,-2,nYVuZMM/1iWbjLEIFzKOFFXGeg0=,HeqXnW8S27dELY6LDa2Ncp8TTco=
100,-2,nYVuZMM/1iWbjLEIFzKOFFXGeg0=,HeqXnW8S27dELY6LDa2Ncp8TTco=
108,-3,nYVuZMM/1iWbjLEIFzKOFFXGeg0=,HeqXnW8S27dELY6LDa2Ncp8TTco=
98,-2,nYVuZMM/1iWbjLEIFzKOFFXGeg0=,HeqXnW8S27dELY6LDa2Ncp8TTco=
97,-2,nYVuZMM/1iWbjLEIFzKOFFXGeg0=,HeqXnW8S27dELY6LDa2Ncp8TTco=
106,-3,nYVuZMM/1iWbjLEIFzKOFFXGeg0=,HeqXnW8S27dELY6LDa2Ncp8TTco=
96,-2,nYVuZMM/1iWbjLEIFzKOFFXGeg0=,HeqXnW8S27dELY6LDa2Ncp8TTco=
105,-3,nYVuZMM/1iWbjLEIFzKOFFXGeg0=,HeqXnW8S27dELY6LDa2Ncp8TTco=
104,-3,nYVuZMM/1iWbjLEIFzKOFFXGeg0=,HeqXnW8S27dELY6LDa2Ncp8TTco=
109,-15,nYVuZMM/1iWbjLEIFzKOFFXGeg0=,HeqXnW8S27dELY6LDa2Ncp8TTco=
102,-3,nYVuZMM/1iWbjLEIFzKOFFXGeg0=,HeqXnW8S27dELY6LDa2Ncp8TTco=
101,-3,nYVuZMM/1iWbjLEIFzKOFFXGeg0=,HeqXnW8S27dELY6LDa2Ncp8TTco=
111,-16,nYVuZMM/1iWbjLEIFzKOFFXGeg0=,HeqXnW8S27dELY6LDa2Ncp8TTco=
100,-3,nYVuZMM/1iWbjLEIFzKOFFXGeg0=,HeqXnW8S27dELY6LDa2Ncp8TTco=
104,-13,nYVuZMM/1iWbjLEIFzKOFFXGeg0=,HeqXnW8S27dELY6LDa2Ncp8TTco=
108,-15,nYVuZMM/1iWbjLEIFzKOFFXGeg0=,HeqXnW8S27dELY6LDa2Ncp8TTco=
111,-4,nYVuZMM/1iWbjLEIFzKOFFXGeg0=,HeqXnW8S27dELY6LDa2Ncp8TTco=
96,-3,nYVuZMM/1iWbjLEIFzKOFFXGeg0=,HeqXnW8S27dELY6LDa2Ncp8TTco=
98,-3,nYVuZMM/1iWbjLEIFzKOFFXGeg0=,HeqXnW8S27dELY6LDa2Ncp8TTco=
105,-13,nYVuZMM/1iWbjLEIFzKOFFXGeg0=,HeqXnW8S27dELY6LDa2Ncp8TTco=
107,-4,nYVuZMM/1iWbjLEIFzKOFFXGeg0=,HeqXnW8S27dELY6LDa2Ncp8TTco=
97,-3,nYVuZMM/1iWbjLEIFzKOFFXGeg0=,HeqXnW8S27dELY6LDa2Ncp8TTco=
103,-3,nYVuZMM/1iWbjLEIFzKOFFXGeg0=,HeqXnW8S27dELY6LDa2Ncp8TTco=
110,-4,nYVuZMM/1iWbjLEIFzKOFFXGeg0=,HeqXnW8S27dELY6LDa2Ncp8TTco=
106,-4,nYVuZMM/1iWbjLEIFzKOFFXGeg0=,HeqXnW8S27dELY6LDa2Ncp8TTco=
109,-4,nYVuZMM/1iWbjLEIFzKOFFXGeg0=,HeqXnW8S27dELY6LDa2Ncp8TTco=
108,-4,nYVuZMM/1iWbjLEIFzKOFFXGeg0=,HeqXnW8S27dELY6LDa2Ncp8TTco=
105,-4,nYVuZMM/1iWbjLEIFzKOFFXGeg0=,HeqXnW8S27dELY6LDa2Ncp8TTco=
104,-4,nYVuZMM/1iWbjLEIFzKOFFXGeg0=,HeqXnW8S27dELY6LDa2Ncp8TTco=
103,-4,nYVuZMM/1iWbjLEIFzKOFFXGeg0=,HeqXnW8S27dELY6LDa2Ncp8TTco=
103,-13,nYVuZMM/1iWbjLEIFzKOFFXGeg0=,HeqXnW8S27dELY6LDa2Ncp8TTco=
102,-4,nYVuZMM/1iWbjLEIFzKOFFXGeg0=,HeqXnW8S27dELY6LDa2Ncp8TTco=
110,-16,nYVuZMM/1iWbjLEIFzKOFFXGeg0=,HeqXnW8S27dELY6LDa2Ncp8TTco=
101,-4,nYVuZMM/1iWbjLEIFzKOFFXGeg0=,HeqXnW8S27dELY6LDa2Ncp8TTco=
100,-4,nYVuZMM/1iWbjLEIFzKOFFXGeg0=,HeqXnW8S27dELY6LDa2Ncp8TTco=
99,-4,nYVuZMM/1iWbjLEIFzKOFFXGeg0=,HeqXnW8S27dELY6LDa2Ncp8TTco=
99,-2,nYVuZMM/1iWbjLEIFzKOFFXGeg0=,HeqXnW8S27dELY6LDa2Ncp8TTco=
98,-4,nYVuZMM/1iWbjLEIFzKOFFXGeg0=,HeqXnW8S27dELY6LDa2Ncp8TTco=
111,-5,nYVuZMM/1iWbjLEIFzKOFFXGeg0=,HeqXnW8S27dELY6LDa2Ncp8TTco=
96,-4,nYVuZMM/1iWbjLEIFzKOFFXGeg0=,HeqXnW8S27dELY6LDa2Ncp8TTco=
99,-3,nYVuZMM/1iWbjLEIFzKOFFXGeg0=,HeqXnW8S27dELY6LDa2Ncp8TTco=
97,-4,nYVuZMM/1iWbjLEIFzKOFFXGeg0=,HeqXnW8S27dELY6LDa2Ncp8TTco=
110,-5,nYVuZMM/1iWbjLEIFzKOFFXGeg0=,HeqXnW8S27dELY6LDa2Ncp8TTco=
105,-5,nYVuZMM/1iWbjLEIFzKOFFXGeg0=,HeqXnW8S27dELY6LDa2Ncp8TTco=
107,-5,nYVuZMM/1iWbjLEIFzKOFFXGeg0=,HeqXnW8S27dELY6LDa2Ncp8TTco=
108,-5,nYVuZMM/1iWbjLEIFzKOFFXGeg0=,HeqXnW8S27dELY6LDa2Ncp8TTco=
106,-5,nYVuZMM/1iWbjLEIFzKOFFXGeg0=,HeqXnW8S27dELY6LDa2Ncp8TTco=
109,-5,nYVuZMM/1iWbjLEIFzKOFFXGeg0=,HeqXnW8S27dELY6LDa2Ncp8TTco=
104,-5,nYVuZMM/1iWbjLEIFzKOFFXGeg0=,HeqXnW8S27dELY6LDa2Ncp8TTco=
103,-5,nYVuZMM/1iWbjLEIFzKOFFXGeg0=,HeqXnW8S27dELY6LDa2Ncp8TTco=
107,-15,nYVuZMM/1iWbjLEIFzKOFFXGeg0=,HeqXnW8S27dELY6LDa2Ncp8TTco=
101,-5,nYVuZMM/1iWbjLEIFzKOFFXGeg0=,HeqXnW8S27dELY6LDa2Ncp8TTco=
109,-16,nYVuZMM/1iWbjLEIFzKOFFXGeg0=,HeqXnW8S27dELY6LDa2Ncp8TTco=
111,-6,nYVuZMM/1iWbjLEIFzKOFFXGeg0=,HeqXnW8S27dELY6LDa2Ncp8TTco=
102,-13,nYVuZMM/1iWbjLEIFzKOFFXGeg0=,HeqXnW8S27dELY6LDa2Ncp8TTco=
102,-5,nYVuZMM/1iWbjLEIFzKOFFXGeg0=,HeqXnW8S27dELY6LDa2Ncp8TTco=
110,-6,nYVuZMM/1iWbjLEIFzKOFFXGeg0=,HeqXnW8S27dELY6LDa2Ncp8TTco=
100,-5,nYVuZMM/1iWbjLEIFzKOFFXGeg0=,HeqXnW8S27dELY6LDa2Ncp8TTco=
97,-5,nYVuZMM/1iWbjLEIFzKOFFXGeg0=,HeqXnW8S27dELY6LDa2Ncp8TTco=
108,-6,nYVuZMM/1iWbjLEIFzKOFFXGeg0=,HeqXnW8S27dELY6LDa2Ncp8TTco=
109,-6,nYVuZMM/1iWbjLEIFzKOFFXGeg0=,HeqXnW8S27dELY6LDa2Ncp8TTco=
106,-15,nYVuZMM/1iWbjLEIFzKOFFXGeg0=,HeqXnW8S27dELY6LDa2Ncp8TTco=
98,-5,nYVuZMM/1iWbjLEIFzKOFFXGeg0=,HeqXnW8S27dELY6LDa2Ncp8TTco=
96,-5,nYVuZMM/1iWbjLEIFzKOFFXGeg0=,HeqXnW8S27dELY6LDa2Ncp8TTco=
107,-6,nYVuZMM/1iWbjLEIFzKOFFXGeg0=,HeqXnW8S27dELY6LDa2Ncp8TTco=
105,-6,nYVuZMM/1iWbjLEIFzKOFFXGeg0=,HeqXnW8S27dELY6LDa2Ncp8TTco=
108,-16,nYVuZMM/1iWbjLEIFzKOFFXGeg0=,HeqXnW8S27dELY6LDa2Ncp8TTco=
104,-6,nYVuZMM/1iWbjLEIFzKOFFXGeg0=,HeqXnW8S27dELY6LDa2Ncp8TTco=
101,-13,nYVuZMM/1iWbjLEIFzKOFFXGeg0=,HeqXnW8S27dELY6LDa2Ncp8TTco=
102,-6,nYVuZMM/1iWbjLEIFzKOFFXGeg0=,HeqXnW8S27dELY6LDa2Ncp8TTco=
103,-6,nYVuZMM/1iWbjLEIFzKOFFXGeg0=,HeqXnW8S27dELY6LDa2Ncp8TTco=
106,-6,nYVuZMM/1iWbjLEIFzKOFFXGeg0=,HeqXnW8S27dELY6LDa2Ncp8TTco=
111,-7,nYVuZMM/1iWbjLEIFzKOFFXGeg0=,HeqXnW8S27dELY6LDa2Ncp8TTco=
110,-7,nYVuZMM/1iWbjLEIFzKOFFXGeg0=,HeqXnW8S27dELY6LDa2Ncp8TTco=
109,-7,nYVuZMM/1iWbjLEIFzKOFFXGeg0=,HeqXnW8S27dELY6LDa2Ncp8TTco=
101,-6,nYVuZMM/1iWbjLEIFzKOFFXGeg0=,HeqXnW8S27dELY6LDa2Ncp8TTco=
108,-7,nYVuZMM/1iWbjLEIFzKOFFXGeg0=,HeqXnW8S27dELY6LDa2Ncp8TTco=
97,-6,nYVuZMM/1iWbjLEIFzKOFFXGeg0=,HeqXnW8S27dELY6LDa2Ncp8TTco=
100,-6,nYVuZMM/1iWbjLEIFzKOFFXGeg0=,HeqXnW8S27dELY6LDa2Ncp8TTco=
96,-6,nYVuZMM/1iWbjLEIFzKOFFXGeg0=,HeqXnW8S27dELY6LDa2Ncp8TTco=
105,-15,nYVuZMM/1iWbjLEIFzKOFFXGeg0=,HeqXnW8S27dELY6LDa2Ncp8TTco=
98,-6,nYVuZMM/1iWbjLEIFzKOFFXGeg0=,HeqXnW8S27dELY6LDa2Ncp8TTco=
99,-6,nYVuZMM/1iWbjLEIFzKOFFXGeg0=,HeqXnW8S27dELY6LDa2Ncp8TTco=
107,-16,nYVuZMM/1iWbjLEIFzKOFFXGeg0=,HeqXnW8S27dELY6LDa2Ncp8TTco=
107,-7,nYVuZMM/1iWbjLEIFzKOFFXGeg0=,HeqXnW8S27dELY6LDa2Ncp8TTco=
106,-7,nYVuZMM/1iWbjLEIFzKOFFXGeg0=,HeqXnW8S27dELY6LDa2Ncp8TTco=
100,-7,nYVuZMM/1iWbjLEIFzKOFFXGeg0=,HeqXnW8S27dELY6LDa2Ncp8TTco=
100,-13,nYVuZMM/1iWbjLEIFzKOFFXGeg0=,HeqXnW8S27dELY6LDa2Ncp8TTco=
103,-7,nYVuZMM/1iWbjLEIFzKOFFXGeg0=,HeqXnW8S27dELY6LDa2Ncp8TTco=
96,-7,nYVuZMM/1iWbjLEIFzKOFFXGeg0=,HeqXnW8S27dELY6LDa2Ncp8TTco=
105,-7,nYVuZMM/1iWbjLEIFzKOFFXGeg0=,HeqXnW8S27dELY6LDa2Ncp8TTco=
111,-8,nYVuZMM/1iWbjLEIFzKOFFXGeg0=,HeqXnW8S27dELY6LDa2Ncp8TTco=
101,-7,nYVuZMM/1iWbjLEIFzKOFFXGeg0=,HeqXnW8S27dELY6LDa2Ncp8TTco=
109,-8,nYVuZMM/1iWbjLEIFzKOFFXGeg0=,HeqXnW8S27dELY6LDa2Ncp8TTco=
104,-7,nYVuZMM/1iWbjLEIFzKOFFXGeg0=,HeqXnW8S27dELY6LDa2Ncp8TTco=
110,-8,nYVuZMM/1iWbjLEIFzKOFFXGeg0=,HeqXnW8S27dELY6LDa2Ncp8TTco=
97,-7,nYVuZMM/1iWbjLEIFzKOFFXGeg0=,HeqXnW8S27dELY6LDa2Ncp8TTco=
102,-7,nYVuZMM/1iWbjLEIFzKOFFXGeg0=,HeqXnW8S27dELY6LDa2Ncp8TTco=
98,-7,nYVuZMM/1iWbjLEIFzKOFFXGeg0=,HeqXnW8S27dELY6LDa2Ncp8TTco=
106,-16,nYVuZMM/1iWbjLEIFzKOFFXGeg0=,HeqXnW8S27dELY6LDa2Ncp8TTco=
104,-15,nYVuZMM/1iWbjLEIFzKOFFXGeg0=,HeqXnW8S27dELY6LDa2Ncp8TTco=
99,-7,nYVuZMM/1iWbjLEIFzKOFFXGeg0=,HeqXnW8S27dELY6LDa2Ncp8TTco=
99,-13,nYVuZMM/1iWbjLEIFzKOFFXGeg0=,HeqXnW8S27dELY6LDa2Ncp8TTco=
108,-8,nYVuZMM/1iWbjLEIFzKOFFXGeg0=,HeqXnW8S27dELY6LDa2Ncp8TTco=
99,-5,nYVuZMM/1iWbjLEIFzKOFFXGeg0=,HeqXnW8S27dELY6LDa2Ncp8TTco=
107,-8,nYVuZMM/1iWbjLEIFzKOFFXGeg0=,HeqXnW8S27dELY6LDa2Ncp8TTco=
100,-8,nYVuZMM/1iWbjLEIFzKOFFXGeg0=,HeqXnW8S27dELY6LDa2Ncp8TTco=
105,-8,nYVuZMM/1iWbjLEIFzKOFFXGeg0=,HeqXnW8S27dELY6LDa2Ncp8TTco=
97,-8,nYVuZMM/1iWbjLEIFzKOFFXGeg0=,HeqXnW8S27dELY6LDa2Ncp8TTco=
104,-8,nYVuZMM/1iWbjLEIFzKOFFXGeg0=,HeqXnW8S27dELY6LDa2Ncp8TTco=
106,-8,nYVuZMM/1iWbjLEIFzKOFFXGeg0=,HeqXnW8S27dELY6LDa2Ncp8TTco=
111,-9,nYVuZMM/1iWbjLEIFzKOFFXGeg0=,HeqXnW8S27dELY6LDa2Ncp8TTco=
99,-8,nYVuZMM/1iWbjLEIFzKOFFXGeg0=,HeqXnW8S27dELY6LDa2Ncp8TTco=
98,-8,nYVuZMM/1iWbjLEIFzKOFFXGeg0=,HeqXnW8S27dELY6LDa2Ncp8TTco=
96,-8,nYVuZMM/1iWbjLEIFzKOFFXGeg0=,HeqXnW8S27dELY6LDa2Ncp8TTco=
101,-8,nYVuZMM/1iWbjLEIFzKOFFXGeg0=,HeqXnW8S27dELY6LDa2Ncp8TTco=
110,-9,nYVuZMM/1iWbjLEIFzKOFFXGeg0=,HeqXnW8S27dELY6LDa2Ncp8TTco=
103,-8,nYVuZMM/1iWbjLEIFzKOFFXGeg0=,HeqXnW8S27dELY6LDa2Ncp8TTco=
102,-8,nYVuZMM/1iWbjLEIFzKOFFXGeg0=,HeqXnW8S27dELY6LDa2Ncp8TTco=
103,-15,nYVuZMM/1iWbjLEIFzKOFFXGeg0=,HeqXnW8S27dELY6LDa2Ncp8TTco=
105,-16,nYVuZMM/1iWbjLEIFzKOFFXGeg0=,HeqXnW8S27dELY6LDa2Ncp8TTco=
109,-9,nYVuZMM/1iWbjLEIFzKOFFXGeg0=,HeqXnW8S27dELY6LDa2Ncp8TTco=
98,-13,nYVuZMM/1iWbjLEIFzKOFFXGeg0=,HeqXnW8S27dELY6LDa2Ncp8TTco=
106,-9,nYVuZMM/1iWbjLEIFzKOFFXGeg0=,HeqXnW8S27dELY6LDa2Ncp8TTco=
100,-9,nYVuZMM/1iWbjLEIFzKOFFXGeg0=,HeqXnW8S27dELY6LDa2Ncp8TTco=
98,-9,nYVuZMM/1iWbjLEIFzKOFFXGeg0=,HeqXnW8S27dELY6LDa2Ncp8TTco=
104,-9,nYVuZMM/1iWbjLEIFzKOFFXGeg0=,HeqXnW8S27dELY6LDa2Ncp8TTco=
105,-9,nYVuZMM/1iWbjLEIFzKOFFXGeg0=,HeqXnW8S27dELY6LDa2Ncp8TTco=
99,-9,nYVuZMM/1iWbjLEIFzKOFFXGeg0=,HeqXnW8S27dELY6LDa2Ncp8TTco=
111,-10,nYVuZMM/1iWbjLEIFzKOFFXGeg0=,HeqXnW8S27dELY6LDa2Ncp8TTco=
101,-9,nYVuZMM/1iWbjLEIFzKOFFXGeg0=,HeqXnW8S27dELY6LDa2Ncp8TTco=
102,-9,nYVuZMM/1iWbjLEIFzKOFFXGeg0=,HeqXnW8S27dELY6LDa2Ncp8TTco=
110,-10,nYVuZMM/1iWbjLEIFzKOFFXGeg0=,HeqXnW8S27dELY6LDa2Ncp8TTco=
96,-9,nYVuZMM/1iWbjLEIFzKOFFXGeg0=,HeqXnW8S27dELY6LDa2Ncp8TTco=
97,-9,nYVuZMM/1iWbjLEIFzKOFFXGeg0=,HeqXnW8S27dELY6LDa2Ncp8TTco=
102,-15,nYVuZMM/1iWbjLEIFzKOFFXGeg0=,HeqXnW8S27dELY6LDa2Ncp8TTco=
107,-10,nYVuZMM/1iWbjLEIFzKOFFXGeg0=,HeqXnW8S27dELY6LDa2Ncp8TTco=
104,-16,nYVuZMM/1iWbjLEIFzKOFFXGeg0=,HeqXnW8S27dELY6LDa2Ncp8TTco=
108,-9,nYVuZMM/1iWbjLEIFzKOFFXGeg0=,HeqXnW8S27dELY6LDa2Ncp8TTco=
106,-10,nYVuZMM/1iWbjLEIFzKOFFXGeg0=,HeqXnW8S27dELY6LDa2Ncp8TTco=
97,-13,nYVuZMM/1iWbjLEIFzKOFFXGeg0=,HeqXnW8S27dELY6LDa2Ncp8TTco=
107,-9,nYVuZMM/1iWbjLEIFzKOFFXGeg0=,HeqXnW8S27dELY6LDa2Ncp8TTco=
100,-10,nYVuZMM/1iWbjLEIFzKOFFXGeg0=,HeqXnW8S27dELY6LDa2Ncp8TTco=
108,-10,nYVuZMM/1iWbjLEIFzKOFFXGeg0=,HeqXnW8S27dELY6LDa2Ncp8TTco=
101,-10,nYVuZMM/1iWbjLEIFzKOFFXGeg0=,HeqXnW8S27dELY6LDa2Ncp8TTco=
99,-10,nYVuZMM/1iWbjLEIFzKOFFXGeg0=,HeqXnW8S27dELY6LDa2Ncp8TTco=
103,-10,nYVuZMM/1iWbjLEIFzKOFFXGeg0=,HeqXnW8S27dELY6LDa2Ncp8TTco=
104,-10,nYVuZMM/1iWbjLEIFzKOFFXGeg0=,HeqXnW8S27dELY6LDa2Ncp8TTco=
105,-10,nYVuZMM/1iWbjLEIFzKOFFXGeg0=,HeqXnW8S27dELY6LDa2Ncp8TTco=
103,-9,nYVuZMM/1iWbjLEIFzKOFFXGeg0=,HeqXnW8S27dELY6LDa2Ncp8TTco=
101,-15,nYVuZMM/1iWbjLEIFzKOFFXGeg0=,HeqXnW8S27dELY6LDa2Ncp8TTco=
97,-10,nYVuZMM/1iWbjLEIFzKOFFXGeg0=,HeqXnW8S27dELY6LDa2Ncp8TTco=
102,-10,nYVuZMM/1iWbjLEIFzKOFFXGeg0=,HeqXnW8S27dELY6LDa2Ncp8TTco=
111,-11,nYVuZMM/1iWbjLEIFzKOFFXGeg0=,HeqXnW8S27dELY6LDa2Ncp8TTco=
103,-16,nYVuZMM/1iWbjLEIFzKOFFXGeg0=,HeqXnW8S27dELY6LDa2Ncp8TTco=
110,-11,nYVuZMM/1iWbjLEIFzKOFFXGeg0=,HeqXnW8S27dELY6LDa2Ncp8TTco=
107,-11,nYVuZMM/1iWbjLEIFzKOFFXGeg0=,HeqXnW8S27dELY6LDa2Ncp8TTco=
100,-15,nYVuZMM/1iWbjLEIFzKOFFXGeg0=,HeqXnW8S27dELY6LDa2Ncp8TTco=
109,-11,nYVuZMM/1iWbjLEIFzKOFFXGeg0=,HeqXnW8S27dELY6LDa2Ncp8TTco=
96,-10,nYVuZMM/1iWbjLEIFzKOFFXGeg0=,HeqXnW8S27dELY6LDa2Ncp8TTco=
96,-13,nYVuZMM/1iWbjLEIFzKOFFXGeg0=,HeqXnW8S27dELY6LDa2Ncp8TTco=
108,-11,nYVuZMM/1iWbjLEIFzKOFFXGeg0=,HeqXnW8S27dELY6LDa2Ncp8TTco=
106,-11,nYVuZMM/1iWbjLEIFzKOFFXGeg0=,HeqXnW8S27dELY6LDa2Ncp8TTco=
104,-11,nYVuZMM/1iWbjLEIFzKOFFXGeg0=,HeqXnW8S27dELY6LDa2Ncp8TTco=
102,-11,nYVuZMM/1iWbjLEIFzKOFFXGeg0=,HeqXnW8S27dELY6LDa2Ncp8TTco=
105,-11,nYVuZMM/1iWbjLEIFzKOFFXGeg0=,HeqXnW8S27dELY6LDa2Ncp8TTco=
103,-11,nYVuZMM/1iWbjLEIFzKOFFXGeg0=,HeqXnW8S27dELY6LDa2Ncp8TTco=
101,-11,nYVuZMM/1iWbjLEIFzKOFFXGeg0=,HeqXnW8S27dELY6LDa2Ncp8TTco=
97,-11,nYVuZMM/1iWbjLEIFzKOFFXGeg0=,HeqXnW8S27dELY6LDa2Ncp8TTco=
99,-15,nYVuZMM/1iWbjLEIFzKOFFXGeg0=,HeqXnW8S27dELY6LDa2Ncp8TTco=
100,-11,nYVuZMM/1iWbjLEIFzKOFFXGeg0=,HeqXnW8S27dELY6LDa2Ncp8TTco=
99,-11,nYVuZMM/1iWbjLEIFzKOFFXGeg0=,HeqXnW8S27dELY6LDa2Ncp8TTco=
98,-11,nYVuZMM/1iWbjLEIFzKOFFXGeg0=,HeqXnW8S27dELY6LDa2Ncp8TTco=
102,-16,nYVuZMM/1iWbjLEIFzKOFFXGeg0=,HeqXnW8S27dELY6LDa2Ncp8TTco=
111,-12,nYVuZMM/1iWbjLEIFzKOFFXGeg0=,HeqXnW8S27dELY6LDa2Ncp8TTco=
106,-12,nYVuZMM/1iWbjLEIFzKOFFXGeg0=,HeqXnW8S27dELY6LDa2Ncp8TTco=
96,-11,nYVuZMM/1iWbjLEIFzKOFFXGeg0=,HeqXnW8S27dELY6LDa2Ncp8TTco=
109,-12,nYVuZMM/1iWbjLEIFzKOFFXGeg0=,HeqXnW8S27dELY6LDa2Ncp8TTco=
110,-12,nYVuZMM/1iWbjLEIFzKOFFXGeg0=,HeqXnW8S27dELY6LDa2Ncp8TTco=
108,-12,nYVuZMM/1iWbjLEIFzKOFFXGeg0=,HeqXnW8S27dELY6LDa2Ncp8TTco=
111,-14,nYVuZMM/1iWbjLEIFzKOFFXGeg0=,HeqXnW8S27dELY6LDa2Ncp8TTco=
101,-12,nYVuZMM/1iWbjLEIFzKOFFXGeg0=,HeqXnW8S27dELY6LDa2Ncp8TTco=
100,-12,nYVuZMM/1iWbjLEIFzKOFFXGeg0=,HeqXnW8S27dELY6LDa2Ncp8TTco=
102,-12,nYVuZMM/1iWbjLEIFzKOFFXGeg0=,HeqXnW8S27dELY6LDa2Ncp8TTco=
103,-12,nYVuZMM/1iWbjLEIFzKOFFXGeg0=,HeqXnW8S27dELY6LDa2Ncp8TTco=
105,-12,nYVuZMM/1iWbjLEIFzKOFFXGeg0=,HeqXnW8S27dELY6LDa2Ncp8TTco=
98,-12,nYVuZMM/1iWbjLEIFzKOFFXGeg0=,HeqXnW8S27dELY6LDa2Ncp8TTco=
99,-12,nYVuZMM/1iWbjLEIFzKOFFXGeg0=,HeqXnW8S27dELY6LDa2Ncp8TTco=
104,-12,nYVuZMM/1iWbjLEIFzKOFFXGeg0=,HeqXnW8S27dELY6LDa2Ncp8TTco=
107,-12,nYVuZMM/1iWbjLEIFzKOFFXGeg0=,HeqXnW8S27dELY6LDa2Ncp8TTco=
101,-16,nYVuZMM/1iWbjLEIFzKOFFXGeg0=,HeqXnW8S27dELY6LDa2Ncp8TTco=
98,-15,nYVuZMM/1iWbjLEIFzKOFFXGeg0=,HeqXnW8S27dELY6LDa2Ncp8TTco=
97,-12,nYVuZMM/1iWbjLEIFzKOFFXGeg0=,HeqXnW8S27dELY6LDa2Ncp8TTco=
100,-16,nYVuZMM/1iWbjLEIFzKOFFXGeg0=,HeqXnW8S27dELY6LDa2Ncp8TTco=
110,-14,nYVuZMM/1iWbjLEIFzKOFFXGeg0=,HeqXnW8S27dELY6LDa2Ncp8TTco=
96,-12,nYVuZMM/1iWbjLEIFzKOFFXGeg0=,HeqXnW8S27dELY6LDa2Ncp8TTco=
108,-13,nYVuZMM/1iWbjLEIFzKOFFXGeg0=,HeqXnW8S27dELY6LDa2Ncp8TTco=
111,-13,nYVuZMM/1iWbjLEIFzKOFFXGeg0=,HeqXnW8S27dELY6LDa2Ncp8TTco=
110,-13,nYVuZMM/1iWbjLEIFzKOFFXGeg0=,HeqXnW8S27dELY6LDa2Ncp8TTco=
109,-13,nYVuZMM/1iWbjLEIFzKOFFXGeg0=,HeqXnW8S27dELY6LDa2Ncp8TTco=
98,-10,nYVuZMM/1iWbjLEIFzKOFFXGeg0=,HeqXnW8S27dELY6LDa2Ncp8TTco=
109,-10,nYVuZMM/1iWbjLEIFzKOFFXGeg0=,HeqXnW8S27dELY6LDa2Ncp8TTco=
